date,value,description,entryType,category,tags,metadata_json
2016-01-05,47500.00,"Faturamento PME Mensal 1/2016",revenue,"Receita de Vendas","ncg,welford,rolling_margin","{""massa_salarial_12"":80000,""receita_bruta_12"":570000}"
2016-01-08,6000.00,"Folha Pro-Labore Administrador 1/2016",expense,"Retiradas","fator_r,irpf_2026,simples_nacional","{""massa_salarial_12"":80000,""receita_bruta_12"":570000}"
2016-01-12,3800.00,"Financiamento Imóvel SAC Parcela 1/120",expense,"Imóveis","sistema_sac,cap_rate,ross_heidecke","{""property_value"":350000,""monthly_rent"":2100,""installment_no"":1,""interest_paid"":1800}"
2016-01-18,2500.00,"Aporte Fundo Offshore Swissquote 1/2016",deposit,"Investimentos Externos","fbar,fatca,sankey,monte_carlo","{""jurisdicao_pais"":""Suiça"",""moeda"":""USD""}"
2016-01-14,245.00,"Abastecimento Posto Shell CAR01 (12850 km)",expense,"Frotas & Veículos","cpk,weibull,ubi,tco_vehicle","{""idveiculo"":""CAR01"",""perfil_msrp"":65000,""odometer"":12850}"
2016-01-27,261.00,"Abastecimento Posto Ipiranga CAR01 (13750 km)",expense,"Frotas & Veículos","cpk,weibull,ubi,tco_vehicle","{""idveiculo"":""CAR01"",""perfil_msrp"":65000,""odometer"":13750}"
2016-02-05,50000.00,"Faturamento PME Mensal 2/2016",revenue,"Receita de Vendas","ncg,welford,rolling_margin","{""massa_salarial_12"":80000,""receita_bruta_12"":600000}"
2016-02-08,6000.00,"Folha Pro-Labore Administrador 2/2016",expense,"Retiradas","fator_r,irpf_2026,simples_nacional","{""massa_salarial_12"":80000,""receita_bruta_12"":600000}"
2016-02-12,3785.00,"Financiamento Imóvel SAC Parcela 2/120",expense,"Imóveis","sistema_sac,cap_rate,ross_heidecke","{""property_value"":350000,""monthly_rent"":2100,""installment_no"":2,""interest_paid"":1785}"
2016-02-18,2500.00,"Aporte Fundo Offshore Swissquote 2/2016",deposit,"Investimentos Externos","fbar,fatca,sankey,monte_carlo","{""jurisdicao_pais"":""Suiça"",""moeda"":""USD""}"
2016-02-14,250.00,"Abastecimento Posto Shell CAR01 (14600 km)",expense,"Frotas & Veículos","cpk,weibull,ubi,tco_vehicle","{""idveiculo"":""CAR01"",""perfil_msrp"":65000,""odometer"":14600}"
2016-02-27,267.00,"Abastecimento Posto Ipiranga CAR01 (15500 km)",expense,"Frotas & Veículos","cpk,weibull,ubi,tco_vehicle","{""idveiculo"":""CAR01"",""perfil_msrp"":65000,""odometer"":15500}"
2016-03-05,45000.00,"Faturamento PME Mensal 3/2016",revenue,"Receita de Vendas","ncg,welford,rolling_margin","{""massa_salarial_12"":80000,""receita_bruta_12"":540000}"
2016-03-08,6000.00,"Folha Pro-Labore Administrador 3/2016",expense,"Retiradas","fator_r,irpf_2026,simples_nacional","{""massa_salarial_12"":80000,""receita_bruta_12"":540000}"
2016-03-12,3770.00,"Financiamento Imóvel SAC Parcela 3/120",expense,"Imóveis","sistema_sac,cap_rate,ross_heidecke","{""property_value"":350000,""monthly_rent"":2100,""installment_no"":3,""interest_paid"":1770}"
2016-03-18,2500.00,"Aporte Fundo Offshore Swissquote 3/2016",deposit,"Investimentos Externos","fbar,fatca,sankey,monte_carlo","{""jurisdicao_pais"":""Suiça"",""moeda"":""USD""}"
2016-03-14,255.00,"Abastecimento Posto Shell CAR01 (16350 km)",expense,"Frotas & Veículos","cpk,weibull,ubi,tco_vehicle","{""idveiculo"":""CAR01"",""perfil_msrp"":65000,""odometer"":16350}"
2016-03-27,273.00,"Abastecimento Posto Ipiranga CAR01 (17250 km)",expense,"Frotas & Veículos","cpk,weibull,ubi,tco_vehicle","{""idveiculo"":""CAR01"",""perfil_msrp"":65000,""odometer"":17250}"
2016-03-22,3500.00,"Depósito Judicial Trabalhista (ADC 58) Q1/2016",deposit,"Ações Judiciais","taxa_legal,adc_58,simples_nacional","{""data_ajuizamento"":""2015-04-10"",""data_vencimento"":""2016-01-15""}"
2016-04-05,47500.00,"Faturamento PME Mensal 4/2016",revenue,"Receita de Vendas","ncg,welford,rolling_margin","{""massa_salarial_12"":80000,""receita_bruta_12"":570000}"
2016-04-08,6000.00,"Folha Pro-Labore Administrador 4/2016",expense,"Retiradas","fator_r,irpf_2026,simples_nacional","{""massa_salarial_12"":80000,""receita_bruta_12"":570000}"
2016-04-12,3755.00,"Financiamento Imóvel SAC Parcela 4/120",expense,"Imóveis","sistema_sac,cap_rate,ross_heidecke","{""property_value"":350000,""monthly_rent"":2100,""installment_no"":4,""interest_paid"":1755}"
2016-04-18,2500.00,"Aporte Fundo Offshore Swissquote 4/2016",deposit,"Investimentos Externos","fbar,fatca,sankey,monte_carlo","{""jurisdicao_pais"":""Suiça"",""moeda"":""USD""}"
2016-04-14,260.00,"Abastecimento Posto Shell CAR01 (18100 km)",expense,"Frotas & Veículos","cpk,weibull,ubi,tco_vehicle","{""idveiculo"":""CAR01"",""perfil_msrp"":65000,""odometer"":18100}"
2016-04-27,279.00,"Abastecimento Posto Ipiranga CAR01 (19000 km)",expense,"Frotas & Veículos","cpk,weibull,ubi,tco_vehicle","{""idveiculo"":""CAR01"",""perfil_msrp"":65000,""odometer"":19000}"
2016-05-05,50000.00,"Faturamento PME Mensal 5/2016",revenue,"Receita de Vendas","ncg,welford,rolling_margin","{""massa_salarial_12"":80000,""receita_bruta_12"":600000}"
2016-05-08,6000.00,"Folha Pro-Labore Administrador 5/2016",expense,"Retiradas","fator_r,irpf_2026,simples_nacional","{""massa_salarial_12"":80000,""receita_bruta_12"":600000}"
2016-05-12,3740.00,"Financiamento Imóvel SAC Parcela 5/120",expense,"Imóveis","sistema_sac,cap_rate,ross_heidecke","{""property_value"":350000,""monthly_rent"":2100,""installment_no"":5,""interest_paid"":1740}"
2016-05-18,2500.00,"Aporte Fundo Offshore Swissquote 5/2016",deposit,"Investimentos Externos","fbar,fatca,sankey,monte_carlo","{""jurisdicao_pais"":""Suiça"",""moeda"":""USD""}"
2016-05-14,265.00,"Abastecimento Posto Shell CAR01 (19850 km)",expense,"Frotas & Veículos","cpk,weibull,ubi,tco_vehicle","{""idveiculo"":""CAR01"",""perfil_msrp"":65000,""odometer"":19850}"
2016-05-27,285.00,"Abastecimento Posto Ipiranga CAR01 (20750 km)",expense,"Frotas & Veículos","cpk,weibull,ubi,tco_vehicle","{""idveiculo"":""CAR01"",""perfil_msrp"":65000,""odometer"":20750}"
2016-06-05,45000.00,"Faturamento PME Mensal 6/2016",revenue,"Receita de Vendas","ncg,welford,rolling_margin","{""massa_salarial_12"":80000,""receita_bruta_12"":540000}"
2016-06-08,6000.00,"Folha Pro-Labore Administrador 6/2016",expense,"Retiradas","fator_r,irpf_2026,simples_nacional","{""massa_salarial_12"":80000,""receita_bruta_12"":540000}"
2016-06-12,3725.00,"Financiamento Imóvel SAC Parcela 6/120",expense,"Imóveis","sistema_sac,cap_rate,ross_heidecke","{""property_value"":350000,""monthly_rent"":2100,""installment_no"":6,""interest_paid"":1725}"
2016-06-18,2500.00,"Aporte Fundo Offshore Swissquote 6/2016",deposit,"Investimentos Externos","fbar,fatca,sankey,monte_carlo","{""jurisdicao_pais"":""Suiça"",""moeda"":""USD""}"
2016-06-14,270.00,"Abastecimento Posto Shell CAR01 (21600 km)",expense,"Frotas & Veículos","cpk,weibull,ubi,tco_vehicle","{""idveiculo"":""CAR01"",""perfil_msrp"":65000,""odometer"":21600}"
2016-06-27,291.00,"Abastecimento Posto Ipiranga CAR01 (22500 km)",expense,"Frotas & Veículos","cpk,weibull,ubi,tco_vehicle","{""idveiculo"":""CAR01"",""perfil_msrp"":65000,""odometer"":22500}"
2016-06-22,3500.00,"Depósito Judicial Trabalhista (ADC 58) Q2/2016",deposit,"Ações Judiciais","taxa_legal,adc_58,simples_nacional","{""data_ajuizamento"":""2015-04-10"",""data_vencimento"":""2016-01-15""}"
2016-07-05,47500.00,"Faturamento PME Mensal 7/2016",revenue,"Receita de Vendas","ncg,welford,rolling_margin","{""massa_salarial_12"":80000,""receita_bruta_12"":570000}"
2016-07-08,6000.00,"Folha Pro-Labore Administrador 7/2016",expense,"Retiradas","fator_r,irpf_2026,simples_nacional","{""massa_salarial_12"":80000,""receita_bruta_12"":570000}"
2016-07-12,3710.00,"Financiamento Imóvel SAC Parcela 7/120",expense,"Imóveis","sistema_sac,cap_rate,ross_heidecke","{""property_value"":350000,""monthly_rent"":2100,""installment_no"":7,""interest_paid"":1710}"
2016-07-18,2500.00,"Aporte Fundo Offshore Swissquote 7/2016",deposit,"Investimentos Externos","fbar,fatca,sankey,monte_carlo","{""jurisdicao_pais"":""Suiça"",""moeda"":""USD""}"
2016-07-14,275.00,"Abastecimento Posto Shell CAR01 (23350 km)",expense,"Frotas & Veículos","cpk,weibull,ubi,tco_vehicle","{""idveiculo"":""CAR01"",""perfil_msrp"":65000,""odometer"":23350}"
2016-07-27,297.00,"Abastecimento Posto Ipiranga CAR01 (24250 km)",expense,"Frotas & Veículos","cpk,weibull,ubi,tco_vehicle","{""idveiculo"":""CAR01"",""perfil_msrp"":65000,""odometer"":24250}"
2016-08-05,50000.00,"Faturamento PME Mensal 8/2016",revenue,"Receita de Vendas","ncg,welford,rolling_margin","{""massa_salarial_12"":80000,""receita_bruta_12"":600000}"
2016-08-08,6000.00,"Folha Pro-Labore Administrador 8/2016",expense,"Retiradas","fator_r,irpf_2026,simples_nacional","{""massa_salarial_12"":80000,""receita_bruta_12"":600000}"
2016-08-12,3695.00,"Financiamento Imóvel SAC Parcela 8/120",expense,"Imóveis","sistema_sac,cap_rate,ross_heidecke","{""property_value"":350000,""monthly_rent"":2100,""installment_no"":8,""interest_paid"":1695}"
2016-08-18,2500.00,"Aporte Fundo Offshore Swissquote 8/2016",deposit,"Investimentos Externos","fbar,fatca,sankey,monte_carlo","{""jurisdicao_pais"":""Suiça"",""moeda"":""USD""}"
2016-08-14,280.00,"Abastecimento Posto Shell CAR01 (25100 km)",expense,"Frotas & Veículos","cpk,weibull,ubi,tco_vehicle","{""idveiculo"":""CAR01"",""perfil_msrp"":65000,""odometer"":25100}"
2016-08-27,303.00,"Abastecimento Posto Ipiranga CAR01 (26000 km)",expense,"Frotas & Veículos","cpk,weibull,ubi,tco_vehicle","{""idveiculo"":""CAR01"",""perfil_msrp"":65000,""odometer"":26000}"
2016-09-05,45000.00,"Faturamento PME Mensal 9/2016",revenue,"Receita de Vendas","ncg,welford,rolling_margin","{""massa_salarial_12"":80000,""receita_bruta_12"":540000}"
2016-09-08,6000.00,"Folha Pro-Labore Administrador 9/2016",expense,"Retiradas","fator_r,irpf_2026,simples_nacional","{""massa_salarial_12"":80000,""receita_bruta_12"":540000}"
2016-09-12,3680.00,"Financiamento Imóvel SAC Parcela 9/120",expense,"Imóveis","sistema_sac,cap_rate,ross_heidecke","{""property_value"":350000,""monthly_rent"":2100,""installment_no"":9,""interest_paid"":1680}"
2016-09-18,2500.00,"Aporte Fundo Offshore Swissquote 9/2016",deposit,"Investimentos Externos","fbar,fatca,sankey,monte_carlo","{""jurisdicao_pais"":""Suiça"",""moeda"":""USD""}"
2016-09-14,285.00,"Abastecimento Posto Shell CAR01 (26850 km)",expense,"Frotas & Veículos","cpk,weibull,ubi,tco_vehicle","{""idveiculo"":""CAR01"",""perfil_msrp"":65000,""odometer"":26850}"
2016-09-27,309.00,"Abastecimento Posto Ipiranga CAR01 (27750 km)",expense,"Frotas & Veículos","cpk,weibull,ubi,tco_vehicle","{""idveiculo"":""CAR01"",""perfil_msrp"":65000,""odometer"":27750}"
2016-09-22,3500.00,"Depósito Judicial Trabalhista (ADC 58) Q3/2016",deposit,"Ações Judiciais","taxa_legal,adc_58,simples_nacional","{""data_ajuizamento"":""2015-04-10"",""data_vencimento"":""2016-01-15""}"
2016-10-05,47500.00,"Faturamento PME Mensal 10/2016",revenue,"Receita de Vendas","ncg,welford,rolling_margin","{""massa_salarial_12"":80000,""receita_bruta_12"":570000}"
2016-10-08,6000.00,"Folha Pro-Labore Administrador 10/2016",expense,"Retiradas","fator_r,irpf_2026,simples_nacional","{""massa_salarial_12"":80000,""receita_bruta_12"":570000}"
2016-10-12,3665.00,"Financiamento Imóvel SAC Parcela 10/120",expense,"Imóveis","sistema_sac,cap_rate,ross_heidecke","{""property_value"":350000,""monthly_rent"":2100,""installment_no"":10,""interest_paid"":1665}"
2016-10-18,2500.00,"Aporte Fundo Offshore Swissquote 10/2016",deposit,"Investimentos Externos","fbar,fatca,sankey,monte_carlo","{""jurisdicao_pais"":""Suiça"",""moeda"":""USD""}"
2016-10-14,290.00,"Abastecimento Posto Shell CAR01 (28600 km)",expense,"Frotas & Veículos","cpk,weibull,ubi,tco_vehicle","{""idveiculo"":""CAR01"",""perfil_msrp"":65000,""odometer"":28600}"
2016-10-27,315.00,"Abastecimento Posto Ipiranga CAR01 (29500 km)",expense,"Frotas & Veículos","cpk,weibull,ubi,tco_vehicle","{""idveiculo"":""CAR01"",""perfil_msrp"":65000,""odometer"":29500}"
2016-11-05,50000.00,"Faturamento PME Mensal 11/2016",revenue,"Receita de Vendas","ncg,welford,rolling_margin","{""massa_salarial_12"":80000,""receita_bruta_12"":600000}"
2016-11-08,6000.00,"Folha Pro-Labore Administrador 11/2016",expense,"Retiradas","fator_r,irpf_2026,simples_nacional","{""massa_salarial_12"":80000,""receita_bruta_12"":600000}"
2016-11-12,3650.00,"Financiamento Imóvel SAC Parcela 11/120",expense,"Imóveis","sistema_sac,cap_rate,ross_heidecke","{""property_value"":350000,""monthly_rent"":2100,""installment_no"":11,""interest_paid"":1650}"
2016-11-18,2500.00,"Aporte Fundo Offshore Swissquote 11/2016",deposit,"Investimentos Externos","fbar,fatca,sankey,monte_carlo","{""jurisdicao_pais"":""Suiça"",""moeda"":""USD""}"
2016-11-14,295.00,"Abastecimento Posto Shell CAR01 (30350 km)",expense,"Frotas & Veículos","cpk,weibull,ubi,tco_vehicle","{""idveiculo"":""CAR01"",""perfil_msrp"":65000,""odometer"":30350}"
2016-11-27,321.00,"Abastecimento Posto Ipiranga CAR01 (31250 km)",expense,"Frotas & Veículos","cpk,weibull,ubi,tco_vehicle","{""idveiculo"":""CAR01"",""perfil_msrp"":65000,""odometer"":31250}"
2016-12-05,45000.00,"Faturamento PME Mensal 12/2016",revenue,"Receita de Vendas","ncg,welford,rolling_margin","{""massa_salarial_12"":80000,""receita_bruta_12"":540000}"
2016-12-08,6000.00,"Folha Pro-Labore Administrador 12/2016",expense,"Retiradas","fator_r,irpf_2026,simples_nacional","{""massa_salarial_12"":80000,""receita_bruta_12"":540000}"
2016-12-12,3635.00,"Financiamento Imóvel SAC Parcela 12/120",expense,"Imóveis","sistema_sac,cap_rate,ross_heidecke","{""property_value"":350000,""monthly_rent"":2100,""installment_no"":12,""interest_paid"":1635}"
2016-12-18,2500.00,"Aporte Fundo Offshore Swissquote 12/2016",deposit,"Investimentos Externos","fbar,fatca,sankey,monte_carlo","{""jurisdicao_pais"":""Suiça"",""moeda"":""USD""}"
2016-12-14,300.00,"Abastecimento Posto Shell CAR01 (32100 km)",expense,"Frotas & Veículos","cpk,weibull,ubi,tco_vehicle","{""idveiculo"":""CAR01"",""perfil_msrp"":65000,""odometer"":32100}"
2016-12-27,327.00,"Abastecimento Posto Ipiranga CAR01 (33000 km)",expense,"Frotas & Veículos","cpk,weibull,ubi,tco_vehicle","{""idveiculo"":""CAR01"",""perfil_msrp"":65000,""odometer"":33000}"
2016-12-22,3500.00,"Depósito Judicial Trabalhista (ADC 58) Q4/2016",deposit,"Ações Judiciais","taxa_legal,adc_58,simples_nacional","{""data_ajuizamento"":""2015-04-10"",""data_vencimento"":""2016-01-15""}"
2017-01-05,55500.00,"Faturamento PME Mensal 1/2017",revenue,"Receita de Vendas","ncg,welford,rolling_margin","{""massa_salarial_12"":92000,""receita_bruta_12"":666000}"
2017-01-08,6900.00,"Folha Pro-Labore Administrador 1/2017",expense,"Retiradas","fator_r,irpf_2026,simples_nacional","{""massa_salarial_12"":92000,""receita_bruta_12"":666000}"
2017-01-12,3620.00,"Financiamento Imóvel SAC Parcela 13/120",expense,"Imóveis","sistema_sac,cap_rate,ross_heidecke","{""property_value"":350000,""monthly_rent"":2100,""installment_no"":13,""interest_paid"":1620}"
2017-01-18,3000.00,"Aporte Fundo Offshore Swissquote 1/2017",deposit,"Investimentos Externos","fbar,fatca,sankey,monte_carlo","{""jurisdicao_pais"":""Suiça"",""moeda"":""USD""}"
2017-01-14,245.00,"Abastecimento Posto Shell CAR01 (33850 km)",expense,"Frotas & Veículos","cpk,weibull,ubi,tco_vehicle","{""idveiculo"":""CAR01"",""perfil_msrp"":65000,""odometer"":33850}"
2017-01-27,261.00,"Abastecimento Posto Ipiranga CAR01 (34750 km)",expense,"Frotas & Veículos","cpk,weibull,ubi,tco_vehicle","{""idveiculo"":""CAR01"",""perfil_msrp"":65000,""odometer"":34750}"
2017-02-05,58000.00,"Faturamento PME Mensal 2/2017",revenue,"Receita de Vendas","ncg,welford,rolling_margin","{""massa_salarial_12"":92000,""receita_bruta_12"":696000}"
2017-02-08,6900.00,"Folha Pro-Labore Administrador 2/2017",expense,"Retiradas","fator_r,irpf_2026,simples_nacional","{""massa_salarial_12"":92000,""receita_bruta_12"":696000}"
2017-02-12,3605.00,"Financiamento Imóvel SAC Parcela 14/120",expense,"Imóveis","sistema_sac,cap_rate,ross_heidecke","{""property_value"":350000,""monthly_rent"":2100,""installment_no"":14,""interest_paid"":1605}"
2017-02-18,3000.00,"Aporte Fundo Offshore Swissquote 2/2017",deposit,"Investimentos Externos","fbar,fatca,sankey,monte_carlo","{""jurisdicao_pais"":""Suiça"",""moeda"":""USD""}"
2017-02-14,250.00,"Abastecimento Posto Shell CAR01 (35600 km)",expense,"Frotas & Veículos","cpk,weibull,ubi,tco_vehicle","{""idveiculo"":""CAR01"",""perfil_msrp"":65000,""odometer"":35600}"
2017-02-27,267.00,"Abastecimento Posto Ipiranga CAR01 (36500 km)",expense,"Frotas & Veículos","cpk,weibull,ubi,tco_vehicle","{""idveiculo"":""CAR01"",""perfil_msrp"":65000,""odometer"":36500}"
2017-03-05,53000.00,"Faturamento PME Mensal 3/2017",revenue,"Receita de Vendas","ncg,welford,rolling_margin","{""massa_salarial_12"":92000,""receita_bruta_12"":636000}"
2017-03-08,6900.00,"Folha Pro-Labore Administrador 3/2017",expense,"Retiradas","fator_r,irpf_2026,simples_nacional","{""massa_salarial_12"":92000,""receita_bruta_12"":636000}"
2017-03-12,3590.00,"Financiamento Imóvel SAC Parcela 15/120",expense,"Imóveis","sistema_sac,cap_rate,ross_heidecke","{""property_value"":350000,""monthly_rent"":2100,""installment_no"":15,""interest_paid"":1590}"
2017-03-18,3000.00,"Aporte Fundo Offshore Swissquote 3/2017",deposit,"Investimentos Externos","fbar,fatca,sankey,monte_carlo","{""jurisdicao_pais"":""Suiça"",""moeda"":""USD""}"
2017-03-14,255.00,"Abastecimento Posto Shell CAR01 (37350 km)",expense,"Frotas & Veículos","cpk,weibull,ubi,tco_vehicle","{""idveiculo"":""CAR01"",""perfil_msrp"":65000,""odometer"":37350}"
2017-03-27,273.00,"Abastecimento Posto Ipiranga CAR01 (38250 km)",expense,"Frotas & Veículos","cpk,weibull,ubi,tco_vehicle","{""idveiculo"":""CAR01"",""perfil_msrp"":65000,""odometer"":38250}"
2017-03-22,3900.00,"Depósito Judicial Trabalhista (ADC 58) Q1/2017",deposit,"Ações Judiciais","taxa_legal,adc_58,simples_nacional","{""data_ajuizamento"":""2016-04-10"",""data_vencimento"":""2017-01-15""}"
2017-04-05,55500.00,"Faturamento PME Mensal 4/2017",revenue,"Receita de Vendas","ncg,welford,rolling_margin","{""massa_salarial_12"":92000,""receita_bruta_12"":666000}"
2017-04-08,6900.00,"Folha Pro-Labore Administrador 4/2017",expense,"Retiradas","fator_r,irpf_2026,simples_nacional","{""massa_salarial_12"":92000,""receita_bruta_12"":666000}"
2017-04-12,3575.00,"Financiamento Imóvel SAC Parcela 16/120",expense,"Imóveis","sistema_sac,cap_rate,ross_heidecke","{""property_value"":350000,""monthly_rent"":2100,""installment_no"":16,""interest_paid"":1575}"
2017-04-18,3000.00,"Aporte Fundo Offshore Swissquote 4/2017",deposit,"Investimentos Externos","fbar,fatca,sankey,monte_carlo","{""jurisdicao_pais"":""Suiça"",""moeda"":""USD""}"
2017-04-14,260.00,"Abastecimento Posto Shell CAR01 (39100 km)",expense,"Frotas & Veículos","cpk,weibull,ubi,tco_vehicle","{""idveiculo"":""CAR01"",""perfil_msrp"":65000,""odometer"":39100}"
2017-04-27,279.00,"Abastecimento Posto Ipiranga CAR01 (40000 km)",expense,"Frotas & Veículos","cpk,weibull,ubi,tco_vehicle","{""idveiculo"":""CAR01"",""perfil_msrp"":65000,""odometer"":40000}"
2017-05-05,58000.00,"Faturamento PME Mensal 5/2017",revenue,"Receita de Vendas","ncg,welford,rolling_margin","{""massa_salarial_12"":92000,""receita_bruta_12"":696000}"
2017-05-08,6900.00,"Folha Pro-Labore Administrador 5/2017",expense,"Retiradas","fator_r,irpf_2026,simples_nacional","{""massa_salarial_12"":92000,""receita_bruta_12"":696000}"
2017-05-12,3560.00,"Financiamento Imóvel SAC Parcela 17/120",expense,"Imóveis","sistema_sac,cap_rate,ross_heidecke","{""property_value"":350000,""monthly_rent"":2100,""installment_no"":17,""interest_paid"":1560}"
2017-05-18,3000.00,"Aporte Fundo Offshore Swissquote 5/2017",deposit,"Investimentos Externos","fbar,fatca,sankey,monte_carlo","{""jurisdicao_pais"":""Suiça"",""moeda"":""USD""}"
2017-05-14,265.00,"Abastecimento Posto Shell CAR01 (40850 km)",expense,"Frotas & Veículos","cpk,weibull,ubi,tco_vehicle","{""idveiculo"":""CAR01"",""perfil_msrp"":65000,""odometer"":40850}"
2017-05-27,285.00,"Abastecimento Posto Ipiranga CAR01 (41750 km)",expense,"Frotas & Veículos","cpk,weibull,ubi,tco_vehicle","{""idveiculo"":""CAR01"",""perfil_msrp"":65000,""odometer"":41750}"
2017-06-05,53000.00,"Faturamento PME Mensal 6/2017",revenue,"Receita de Vendas","ncg,welford,rolling_margin","{""massa_salarial_12"":92000,""receita_bruta_12"":636000}"
2017-06-08,6900.00,"Folha Pro-Labore Administrador 6/2017",expense,"Retiradas","fator_r,irpf_2026,simples_nacional","{""massa_salarial_12"":92000,""receita_bruta_12"":636000}"
2017-06-12,3545.00,"Financiamento Imóvel SAC Parcela 18/120",expense,"Imóveis","sistema_sac,cap_rate,ross_heidecke","{""property_value"":350000,""monthly_rent"":2100,""installment_no"":18,""interest_paid"":1545}"
2017-06-18,3000.00,"Aporte Fundo Offshore Swissquote 6/2017",deposit,"Investimentos Externos","fbar,fatca,sankey,monte_carlo","{""jurisdicao_pais"":""Suiça"",""moeda"":""USD""}"
2017-06-14,270.00,"Abastecimento Posto Shell CAR01 (42600 km)",expense,"Frotas & Veículos","cpk,weibull,ubi,tco_vehicle","{""idveiculo"":""CAR01"",""perfil_msrp"":65000,""odometer"":42600}"
2017-06-27,291.00,"Abastecimento Posto Ipiranga CAR01 (43500 km)",expense,"Frotas & Veículos","cpk,weibull,ubi,tco_vehicle","{""idveiculo"":""CAR01"",""perfil_msrp"":65000,""odometer"":43500}"
2017-06-22,3900.00,"Depósito Judicial Trabalhista (ADC 58) Q2/2017",deposit,"Ações Judiciais","taxa_legal,adc_58,simples_nacional","{""data_ajuizamento"":""2016-04-10"",""data_vencimento"":""2017-01-15""}"
2017-07-05,55500.00,"Faturamento PME Mensal 7/2017",revenue,"Receita de Vendas","ncg,welford,rolling_margin","{""massa_salarial_12"":92000,""receita_bruta_12"":666000}"
2017-07-08,6900.00,"Folha Pro-Labore Administrador 7/2017",expense,"Retiradas","fator_r,irpf_2026,simples_nacional","{""massa_salarial_12"":92000,""receita_bruta_12"":666000}"
2017-07-12,3530.00,"Financiamento Imóvel SAC Parcela 19/120",expense,"Imóveis","sistema_sac,cap_rate,ross_heidecke","{""property_value"":350000,""monthly_rent"":2100,""installment_no"":19,""interest_paid"":1530}"
2017-07-18,3000.00,"Aporte Fundo Offshore Swissquote 7/2017",deposit,"Investimentos Externos","fbar,fatca,sankey,monte_carlo","{""jurisdicao_pais"":""Suiça"",""moeda"":""USD""}"
2017-07-14,275.00,"Abastecimento Posto Shell CAR01 (44350 km)",expense,"Frotas & Veículos","cpk,weibull,ubi,tco_vehicle","{""idveiculo"":""CAR01"",""perfil_msrp"":65000,""odometer"":44350}"
2017-07-27,297.00,"Abastecimento Posto Ipiranga CAR01 (45250 km)",expense,"Frotas & Veículos","cpk,weibull,ubi,tco_vehicle","{""idveiculo"":""CAR01"",""perfil_msrp"":65000,""odometer"":45250}"
2017-08-05,58000.00,"Faturamento PME Mensal 8/2017",revenue,"Receita de Vendas","ncg,welford,rolling_margin","{""massa_salarial_12"":92000,""receita_bruta_12"":696000}"
2017-08-08,6900.00,"Folha Pro-Labore Administrador 8/2017",expense,"Retiradas","fator_r,irpf_2026,simples_nacional","{""massa_salarial_12"":92000,""receita_bruta_12"":696000}"
2017-08-12,3515.00,"Financiamento Imóvel SAC Parcela 20/120",expense,"Imóveis","sistema_sac,cap_rate,ross_heidecke","{""property_value"":350000,""monthly_rent"":2100,""installment_no"":20,""interest_paid"":1515}"
2017-08-18,3000.00,"Aporte Fundo Offshore Swissquote 8/2017",deposit,"Investimentos Externos","fbar,fatca,sankey,monte_carlo","{""jurisdicao_pais"":""Suiça"",""moeda"":""USD""}"
2017-08-14,280.00,"Abastecimento Posto Shell CAR01 (46100 km)",expense,"Frotas & Veículos","cpk,weibull,ubi,tco_vehicle","{""idveiculo"":""CAR01"",""perfil_msrp"":65000,""odometer"":46100}"
2017-08-27,303.00,"Abastecimento Posto Ipiranga CAR01 (47000 km)",expense,"Frotas & Veículos","cpk,weibull,ubi,tco_vehicle","{""idveiculo"":""CAR01"",""perfil_msrp"":65000,""odometer"":47000}"
2017-09-05,53000.00,"Faturamento PME Mensal 9/2017",revenue,"Receita de Vendas","ncg,welford,rolling_margin","{""massa_salarial_12"":92000,""receita_bruta_12"":636000}"
2017-09-08,6900.00,"Folha Pro-Labore Administrador 9/2017",expense,"Retiradas","fator_r,irpf_2026,simples_nacional","{""massa_salarial_12"":92000,""receita_bruta_12"":636000}"
2017-09-12,3500.00,"Financiamento Imóvel SAC Parcela 21/120",expense,"Imóveis","sistema_sac,cap_rate,ross_heidecke","{""property_value"":350000,""monthly_rent"":2100,""installment_no"":21,""interest_paid"":1500}"
2017-09-18,3000.00,"Aporte Fundo Offshore Swissquote 9/2017",deposit,"Investimentos Externos","fbar,fatca,sankey,monte_carlo","{""jurisdicao_pais"":""Suiça"",""moeda"":""USD""}"
2017-09-14,285.00,"Abastecimento Posto Shell CAR01 (47850 km)",expense,"Frotas & Veículos","cpk,weibull,ubi,tco_vehicle","{""idveiculo"":""CAR01"",""perfil_msrp"":65000,""odometer"":47850}"
2017-09-27,309.00,"Abastecimento Posto Ipiranga CAR01 (48750 km)",expense,"Frotas & Veículos","cpk,weibull,ubi,tco_vehicle","{""idveiculo"":""CAR01"",""perfil_msrp"":65000,""odometer"":48750}"
2017-09-22,3900.00,"Depósito Judicial Trabalhista (ADC 58) Q3/2017",deposit,"Ações Judiciais","taxa_legal,adc_58,simples_nacional","{""data_ajuizamento"":""2016-04-10"",""data_vencimento"":""2017-01-15""}"
2017-10-05,55500.00,"Faturamento PME Mensal 10/2017",revenue,"Receita de Vendas","ncg,welford,rolling_margin","{""massa_salarial_12"":92000,""receita_bruta_12"":666000}"
2017-10-08,6900.00,"Folha Pro-Labore Administrador 10/2017",expense,"Retiradas","fator_r,irpf_2026,simples_nacional","{""massa_salarial_12"":92000,""receita_bruta_12"":666000}"
2017-10-12,3485.00,"Financiamento Imóvel SAC Parcela 22/120",expense,"Imóveis","sistema_sac,cap_rate,ross_heidecke","{""property_value"":350000,""monthly_rent"":2100,""installment_no"":22,""interest_paid"":1485}"
2017-10-18,3000.00,"Aporte Fundo Offshore Swissquote 10/2017",deposit,"Investimentos Externos","fbar,fatca,sankey,monte_carlo","{""jurisdicao_pais"":""Suiça"",""moeda"":""USD""}"
2017-10-14,290.00,"Abastecimento Posto Shell CAR01 (49600 km)",expense,"Frotas & Veículos","cpk,weibull,ubi,tco_vehicle","{""idveiculo"":""CAR01"",""perfil_msrp"":65000,""odometer"":49600}"
2017-10-27,315.00,"Abastecimento Posto Ipiranga CAR01 (50500 km)",expense,"Frotas & Veículos","cpk,weibull,ubi,tco_vehicle","{""idveiculo"":""CAR01"",""perfil_msrp"":65000,""odometer"":50500}"
2017-11-05,58000.00,"Faturamento PME Mensal 11/2017",revenue,"Receita de Vendas","ncg,welford,rolling_margin","{""massa_salarial_12"":92000,""receita_bruta_12"":696000}"
2017-11-08,6900.00,"Folha Pro-Labore Administrador 11/2017",expense,"Retiradas","fator_r,irpf_2026,simples_nacional","{""massa_salarial_12"":92000,""receita_bruta_12"":696000}"
2017-11-12,3470.00,"Financiamento Imóvel SAC Parcela 23/120",expense,"Imóveis","sistema_sac,cap_rate,ross_heidecke","{""property_value"":350000,""monthly_rent"":2100,""installment_no"":23,""interest_paid"":1470}"
2017-11-18,3000.00,"Aporte Fundo Offshore Swissquote 11/2017",deposit,"Investimentos Externos","fbar,fatca,sankey,monte_carlo","{""jurisdicao_pais"":""Suiça"",""moeda"":""USD""}"
2017-11-14,295.00,"Abastecimento Posto Shell CAR01 (51350 km)",expense,"Frotas & Veículos","cpk,weibull,ubi,tco_vehicle","{""idveiculo"":""CAR01"",""perfil_msrp"":65000,""odometer"":51350}"
2017-11-27,321.00,"Abastecimento Posto Ipiranga CAR01 (52250 km)",expense,"Frotas & Veículos","cpk,weibull,ubi,tco_vehicle","{""idveiculo"":""CAR01"",""perfil_msrp"":65000,""odometer"":52250}"
2017-12-05,53000.00,"Faturamento PME Mensal 12/2017",revenue,"Receita de Vendas","ncg,welford,rolling_margin","{""massa_salarial_12"":92000,""receita_bruta_12"":636000}"
2017-12-08,6900.00,"Folha Pro-Labore Administrador 12/2017",expense,"Retiradas","fator_r,irpf_2026,simples_nacional","{""massa_salarial_12"":92000,""receita_bruta_12"":636000}"
2017-12-12,3455.00,"Financiamento Imóvel SAC Parcela 24/120",expense,"Imóveis","sistema_sac,cap_rate,ross_heidecke","{""property_value"":350000,""monthly_rent"":2100,""installment_no"":24,""interest_paid"":1455}"
2017-12-18,3000.00,"Aporte Fundo Offshore Swissquote 12/2017",deposit,"Investimentos Externos","fbar,fatca,sankey,monte_carlo","{""jurisdicao_pais"":""Suiça"",""moeda"":""USD""}"
2017-12-14,300.00,"Abastecimento Posto Shell CAR01 (53100 km)",expense,"Frotas & Veículos","cpk,weibull,ubi,tco_vehicle","{""idveiculo"":""CAR01"",""perfil_msrp"":65000,""odometer"":53100}"
2017-12-27,327.00,"Abastecimento Posto Ipiranga CAR01 (54000 km)",expense,"Frotas & Veículos","cpk,weibull,ubi,tco_vehicle","{""idveiculo"":""CAR01"",""perfil_msrp"":65000,""odometer"":54000}"
2017-12-22,3900.00,"Depósito Judicial Trabalhista (ADC 58) Q4/2017",deposit,"Ações Judiciais","taxa_legal,adc_58,simples_nacional","{""data_ajuizamento"":""2016-04-10"",""data_vencimento"":""2017-01-15""}"
2018-01-05,63500.00,"Faturamento PME Mensal 1/2018",revenue,"Receita de Vendas","ncg,welford,rolling_margin","{""massa_salarial_12"":104000,""receita_bruta_12"":762000}"
2018-01-08,7800.00,"Folha Pro-Labore Administrador 1/2018",expense,"Retiradas","fator_r,irpf_2026,simples_nacional","{""massa_salarial_12"":104000,""receita_bruta_12"":762000}"
2018-01-12,3440.00,"Financiamento Imóvel SAC Parcela 25/120",expense,"Imóveis","sistema_sac,cap_rate,ross_heidecke","{""property_value"":350000,""monthly_rent"":2100,""installment_no"":25,""interest_paid"":1440}"
2018-01-18,3500.00,"Aporte Fundo Offshore Swissquote 1/2018",deposit,"Investimentos Externos","fbar,fatca,sankey,monte_carlo","{""jurisdicao_pais"":""Suiça"",""moeda"":""USD""}"
2018-01-14,245.00,"Abastecimento Posto Shell CAR01 (54850 km)",expense,"Frotas & Veículos","cpk,weibull,ubi,tco_vehicle","{""idveiculo"":""CAR01"",""perfil_msrp"":65000,""odometer"":54850}"
2018-01-27,261.00,"Abastecimento Posto Ipiranga CAR01 (55750 km)",expense,"Frotas & Veículos","cpk,weibull,ubi,tco_vehicle","{""idveiculo"":""CAR01"",""perfil_msrp"":65000,""odometer"":55750}"
2018-02-05,66000.00,"Faturamento PME Mensal 2/2018",revenue,"Receita de Vendas","ncg,welford,rolling_margin","{""massa_salarial_12"":104000,""receita_bruta_12"":792000}"
2018-02-08,7800.00,"Folha Pro-Labore Administrador 2/2018",expense,"Retiradas","fator_r,irpf_2026,simples_nacional","{""massa_salarial_12"":104000,""receita_bruta_12"":792000}"
2018-02-12,3425.00,"Financiamento Imóvel SAC Parcela 26/120",expense,"Imóveis","sistema_sac,cap_rate,ross_heidecke","{""property_value"":350000,""monthly_rent"":2100,""installment_no"":26,""interest_paid"":1425}"
2018-02-18,3500.00,"Aporte Fundo Offshore Swissquote 2/2018",deposit,"Investimentos Externos","fbar,fatca,sankey,monte_carlo","{""jurisdicao_pais"":""Suiça"",""moeda"":""USD""}"
2018-02-14,250.00,"Abastecimento Posto Shell CAR01 (56600 km)",expense,"Frotas & Veículos","cpk,weibull,ubi,tco_vehicle","{""idveiculo"":""CAR01"",""perfil_msrp"":65000,""odometer"":56600}"
2018-02-27,267.00,"Abastecimento Posto Ipiranga CAR01 (57500 km)",expense,"Frotas & Veículos","cpk,weibull,ubi,tco_vehicle","{""idveiculo"":""CAR01"",""perfil_msrp"":65000,""odometer"":57500}"
2018-03-05,61000.00,"Faturamento PME Mensal 3/2018",revenue,"Receita de Vendas","ncg,welford,rolling_margin","{""massa_salarial_12"":104000,""receita_bruta_12"":732000}"
2018-03-08,7800.00,"Folha Pro-Labore Administrador 3/2018",expense,"Retiradas","fator_r,irpf_2026,simples_nacional","{""massa_salarial_12"":104000,""receita_bruta_12"":732000}"
2018-03-12,3410.00,"Financiamento Imóvel SAC Parcela 27/120",expense,"Imóveis","sistema_sac,cap_rate,ross_heidecke","{""property_value"":350000,""monthly_rent"":2100,""installment_no"":27,""interest_paid"":1410}"
2018-03-18,3500.00,"Aporte Fundo Offshore Swissquote 3/2018",deposit,"Investimentos Externos","fbar,fatca,sankey,monte_carlo","{""jurisdicao_pais"":""Suiça"",""moeda"":""USD""}"
2018-03-14,255.00,"Abastecimento Posto Shell CAR01 (58350 km)",expense,"Frotas & Veículos","cpk,weibull,ubi,tco_vehicle","{""idveiculo"":""CAR01"",""perfil_msrp"":65000,""odometer"":58350}"
2018-03-27,273.00,"Abastecimento Posto Ipiranga CAR01 (59250 km)",expense,"Frotas & Veículos","cpk,weibull,ubi,tco_vehicle","{""idveiculo"":""CAR01"",""perfil_msrp"":65000,""odometer"":59250}"
2018-03-22,4300.00,"Depósito Judicial Trabalhista (ADC 58) Q1/2018",deposit,"Ações Judiciais","taxa_legal,adc_58,simples_nacional","{""data_ajuizamento"":""2017-04-10"",""data_vencimento"":""2018-01-15""}"
2018-04-05,63500.00,"Faturamento PME Mensal 4/2018",revenue,"Receita de Vendas","ncg,welford,rolling_margin","{""massa_salarial_12"":104000,""receita_bruta_12"":762000}"
2018-04-08,7800.00,"Folha Pro-Labore Administrador 4/2018",expense,"Retiradas","fator_r,irpf_2026,simples_nacional","{""massa_salarial_12"":104000,""receita_bruta_12"":762000}"
2018-04-12,3395.00,"Financiamento Imóvel SAC Parcela 28/120",expense,"Imóveis","sistema_sac,cap_rate,ross_heidecke","{""property_value"":350000,""monthly_rent"":2100,""installment_no"":28,""interest_paid"":1395}"
2018-04-18,3500.00,"Aporte Fundo Offshore Swissquote 4/2018",deposit,"Investimentos Externos","fbar,fatca,sankey,monte_carlo","{""jurisdicao_pais"":""Suiça"",""moeda"":""USD""}"
2018-04-14,260.00,"Abastecimento Posto Shell CAR01 (60100 km)",expense,"Frotas & Veículos","cpk,weibull,ubi,tco_vehicle","{""idveiculo"":""CAR01"",""perfil_msrp"":65000,""odometer"":60100}"
2018-04-27,279.00,"Abastecimento Posto Ipiranga CAR01 (61000 km)",expense,"Frotas & Veículos","cpk,weibull,ubi,tco_vehicle","{""idveiculo"":""CAR01"",""perfil_msrp"":65000,""odometer"":61000}"
2018-05-05,66000.00,"Faturamento PME Mensal 5/2018",revenue,"Receita de Vendas","ncg,welford,rolling_margin","{""massa_salarial_12"":104000,""receita_bruta_12"":792000}"
2018-05-08,7800.00,"Folha Pro-Labore Administrador 5/2018",expense,"Retiradas","fator_r,irpf_2026,simples_nacional","{""massa_salarial_12"":104000,""receita_bruta_12"":792000}"
2018-05-12,3380.00,"Financiamento Imóvel SAC Parcela 29/120",expense,"Imóveis","sistema_sac,cap_rate,ross_heidecke","{""property_value"":350000,""monthly_rent"":2100,""installment_no"":29,""interest_paid"":1380}"
2018-05-18,3500.00,"Aporte Fundo Offshore Swissquote 5/2018",deposit,"Investimentos Externos","fbar,fatca,sankey,monte_carlo","{""jurisdicao_pais"":""Suiça"",""moeda"":""USD""}"
2018-05-14,265.00,"Abastecimento Posto Shell CAR01 (61850 km)",expense,"Frotas & Veículos","cpk,weibull,ubi,tco_vehicle","{""idveiculo"":""CAR01"",""perfil_msrp"":65000,""odometer"":61850}"
2018-05-27,285.00,"Abastecimento Posto Ipiranga CAR01 (62750 km)",expense,"Frotas & Veículos","cpk,weibull,ubi,tco_vehicle","{""idveiculo"":""CAR01"",""perfil_msrp"":65000,""odometer"":62750}"
2018-06-05,61000.00,"Faturamento PME Mensal 6/2018",revenue,"Receita de Vendas","ncg,welford,rolling_margin","{""massa_salarial_12"":104000,""receita_bruta_12"":732000}"
2018-06-08,7800.00,"Folha Pro-Labore Administrador 6/2018",expense,"Retiradas","fator_r,irpf_2026,simples_nacional","{""massa_salarial_12"":104000,""receita_bruta_12"":732000}"
2018-06-12,3365.00,"Financiamento Imóvel SAC Parcela 30/120",expense,"Imóveis","sistema_sac,cap_rate,ross_heidecke","{""property_value"":350000,""monthly_rent"":2100,""installment_no"":30,""interest_paid"":1365}"
2018-06-18,3500.00,"Aporte Fundo Offshore Swissquote 6/2018",deposit,"Investimentos Externos","fbar,fatca,sankey,monte_carlo","{""jurisdicao_pais"":""Suiça"",""moeda"":""USD""}"
2018-06-14,270.00,"Abastecimento Posto Shell CAR01 (63600 km)",expense,"Frotas & Veículos","cpk,weibull,ubi,tco_vehicle","{""idveiculo"":""CAR01"",""perfil_msrp"":65000,""odometer"":63600}"
2018-06-27,291.00,"Abastecimento Posto Ipiranga CAR01 (64500 km)",expense,"Frotas & Veículos","cpk,weibull,ubi,tco_vehicle","{""idveiculo"":""CAR01"",""perfil_msrp"":65000,""odometer"":64500}"
2018-06-22,4300.00,"Depósito Judicial Trabalhista (ADC 58) Q2/2018",deposit,"Ações Judiciais","taxa_legal,adc_58,simples_nacional","{""data_ajuizamento"":""2017-04-10"",""data_vencimento"":""2018-01-15""}"
2018-07-05,63500.00,"Faturamento PME Mensal 7/2018",revenue,"Receita de Vendas","ncg,welford,rolling_margin","{""massa_salarial_12"":104000,""receita_bruta_12"":762000}"
2018-07-08,7800.00,"Folha Pro-Labore Administrador 7/2018",expense,"Retiradas","fator_r,irpf_2026,simples_nacional","{""massa_salarial_12"":104000,""receita_bruta_12"":762000}"
2018-07-12,3350.00,"Financiamento Imóvel SAC Parcela 31/120",expense,"Imóveis","sistema_sac,cap_rate,ross_heidecke","{""property_value"":350000,""monthly_rent"":2100,""installment_no"":31,""interest_paid"":1350}"
2018-07-18,3500.00,"Aporte Fundo Offshore Swissquote 7/2018",deposit,"Investimentos Externos","fbar,fatca,sankey,monte_carlo","{""jurisdicao_pais"":""Suiça"",""moeda"":""USD""}"
2018-07-14,275.00,"Abastecimento Posto Shell CAR01 (65350 km)",expense,"Frotas & Veículos","cpk,weibull,ubi,tco_vehicle","{""idveiculo"":""CAR01"",""perfil_msrp"":65000,""odometer"":65350}"
2018-07-27,297.00,"Abastecimento Posto Ipiranga CAR01 (66250 km)",expense,"Frotas & Veículos","cpk,weibull,ubi,tco_vehicle","{""idveiculo"":""CAR01"",""perfil_msrp"":65000,""odometer"":66250}"
2018-08-05,66000.00,"Faturamento PME Mensal 8/2018",revenue,"Receita de Vendas","ncg,welford,rolling_margin","{""massa_salarial_12"":104000,""receita_bruta_12"":792000}"
2018-08-08,7800.00,"Folha Pro-Labore Administrador 8/2018",expense,"Retiradas","fator_r,irpf_2026,simples_nacional","{""massa_salarial_12"":104000,""receita_bruta_12"":792000}"
2018-08-12,3335.00,"Financiamento Imóvel SAC Parcela 32/120",expense,"Imóveis","sistema_sac,cap_rate,ross_heidecke","{""property_value"":350000,""monthly_rent"":2100,""installment_no"":32,""interest_paid"":1335}"
2018-08-18,3500.00,"Aporte Fundo Offshore Swissquote 8/2018",deposit,"Investimentos Externos","fbar,fatca,sankey,monte_carlo","{""jurisdicao_pais"":""Suiça"",""moeda"":""USD""}"
2018-08-14,280.00,"Abastecimento Posto Shell CAR01 (67100 km)",expense,"Frotas & Veículos","cpk,weibull,ubi,tco_vehicle","{""idveiculo"":""CAR01"",""perfil_msrp"":65000,""odometer"":67100}"
2018-08-27,303.00,"Abastecimento Posto Ipiranga CAR01 (68000 km)",expense,"Frotas & Veículos","cpk,weibull,ubi,tco_vehicle","{""idveiculo"":""CAR01"",""perfil_msrp"":65000,""odometer"":68000}"
2018-09-05,61000.00,"Faturamento PME Mensal 9/2018",revenue,"Receita de Vendas","ncg,welford,rolling_margin","{""massa_salarial_12"":104000,""receita_bruta_12"":732000}"
2018-09-08,7800.00,"Folha Pro-Labore Administrador 9/2018",expense,"Retiradas","fator_r,irpf_2026,simples_nacional","{""massa_salarial_12"":104000,""receita_bruta_12"":732000}"
2018-09-12,3320.00,"Financiamento Imóvel SAC Parcela 33/120",expense,"Imóveis","sistema_sac,cap_rate,ross_heidecke","{""property_value"":350000,""monthly_rent"":2100,""installment_no"":33,""interest_paid"":1320}"
2018-09-18,3500.00,"Aporte Fundo Offshore Swissquote 9/2018",deposit,"Investimentos Externos","fbar,fatca,sankey,monte_carlo","{""jurisdicao_pais"":""Suiça"",""moeda"":""USD""}"
2018-09-14,285.00,"Abastecimento Posto Shell CAR01 (68850 km)",expense,"Frotas & Veículos","cpk,weibull,ubi,tco_vehicle","{""idveiculo"":""CAR01"",""perfil_msrp"":65000,""odometer"":68850}"
2018-09-27,309.00,"Abastecimento Posto Ipiranga CAR01 (69750 km)",expense,"Frotas & Veículos","cpk,weibull,ubi,tco_vehicle","{""idveiculo"":""CAR01"",""perfil_msrp"":65000,""odometer"":69750}"
2018-09-22,4300.00,"Depósito Judicial Trabalhista (ADC 58) Q3/2018",deposit,"Ações Judiciais","taxa_legal,adc_58,simples_nacional","{""data_ajuizamento"":""2017-04-10"",""data_vencimento"":""2018-01-15""}"
2018-10-05,63500.00,"Faturamento PME Mensal 10/2018",revenue,"Receita de Vendas","ncg,welford,rolling_margin","{""massa_salarial_12"":104000,""receita_bruta_12"":762000}"
2018-10-08,7800.00,"Folha Pro-Labore Administrador 10/2018",expense,"Retiradas","fator_r,irpf_2026,simples_nacional","{""massa_salarial_12"":104000,""receita_bruta_12"":762000}"
2018-10-12,3305.00,"Financiamento Imóvel SAC Parcela 34/120",expense,"Imóveis","sistema_sac,cap_rate,ross_heidecke","{""property_value"":350000,""monthly_rent"":2100,""installment_no"":34,""interest_paid"":1305}"
2018-10-18,3500.00,"Aporte Fundo Offshore Swissquote 10/2018",deposit,"Investimentos Externos","fbar,fatca,sankey,monte_carlo","{""jurisdicao_pais"":""Suiça"",""moeda"":""USD""}"
2018-10-14,290.00,"Abastecimento Posto Shell CAR01 (70600 km)",expense,"Frotas & Veículos","cpk,weibull,ubi,tco_vehicle","{""idveiculo"":""CAR01"",""perfil_msrp"":65000,""odometer"":70600}"
2018-10-27,315.00,"Abastecimento Posto Ipiranga CAR01 (71500 km)",expense,"Frotas & Veículos","cpk,weibull,ubi,tco_vehicle","{""idveiculo"":""CAR01"",""perfil_msrp"":65000,""odometer"":71500}"
2018-11-05,66000.00,"Faturamento PME Mensal 11/2018",revenue,"Receita de Vendas","ncg,welford,rolling_margin","{""massa_salarial_12"":104000,""receita_bruta_12"":792000}"
2018-11-08,7800.00,"Folha Pro-Labore Administrador 11/2018",expense,"Retiradas","fator_r,irpf_2026,simples_nacional","{""massa_salarial_12"":104000,""receita_bruta_12"":792000}"
2018-11-12,3290.00,"Financiamento Imóvel SAC Parcela 35/120",expense,"Imóveis","sistema_sac,cap_rate,ross_heidecke","{""property_value"":350000,""monthly_rent"":2100,""installment_no"":35,""interest_paid"":1290}"
2018-11-18,3500.00,"Aporte Fundo Offshore Swissquote 11/2018",deposit,"Investimentos Externos","fbar,fatca,sankey,monte_carlo","{""jurisdicao_pais"":""Suiça"",""moeda"":""USD""}"
2018-11-14,295.00,"Abastecimento Posto Shell CAR01 (72350 km)",expense,"Frotas & Veículos","cpk,weibull,ubi,tco_vehicle","{""idveiculo"":""CAR01"",""perfil_msrp"":65000,""odometer"":72350}"
2018-11-27,321.00,"Abastecimento Posto Ipiranga CAR01 (73250 km)",expense,"Frotas & Veículos","cpk,weibull,ubi,tco_vehicle","{""idveiculo"":""CAR01"",""perfil_msrp"":65000,""odometer"":73250}"
2018-12-05,61000.00,"Faturamento PME Mensal 12/2018",revenue,"Receita de Vendas","ncg,welford,rolling_margin","{""massa_salarial_12"":104000,""receita_bruta_12"":732000}"
2018-12-08,7800.00,"Folha Pro-Labore Administrador 12/2018",expense,"Retiradas","fator_r,irpf_2026,simples_nacional","{""massa_salarial_12"":104000,""receita_bruta_12"":732000}"
2018-12-12,3275.00,"Financiamento Imóvel SAC Parcela 36/120",expense,"Imóveis","sistema_sac,cap_rate,ross_heidecke","{""property_value"":350000,""monthly_rent"":2100,""installment_no"":36,""interest_paid"":1275}"
2018-12-18,3500.00,"Aporte Fundo Offshore Swissquote 12/2018",deposit,"Investimentos Externos","fbar,fatca,sankey,monte_carlo","{""jurisdicao_pais"":""Suiça"",""moeda"":""USD""}"
2018-12-14,300.00,"Abastecimento Posto Shell CAR01 (74100 km)",expense,"Frotas & Veículos","cpk,weibull,ubi,tco_vehicle","{""idveiculo"":""CAR01"",""perfil_msrp"":65000,""odometer"":74100}"
2018-12-27,327.00,"Abastecimento Posto Ipiranga CAR01 (75000 km)",expense,"Frotas & Veículos","cpk,weibull,ubi,tco_vehicle","{""idveiculo"":""CAR01"",""perfil_msrp"":65000,""odometer"":75000}"
2018-12-22,4300.00,"Depósito Judicial Trabalhista (ADC 58) Q4/2018",deposit,"Ações Judiciais","taxa_legal,adc_58,simples_nacional","{""data_ajuizamento"":""2017-04-10"",""data_vencimento"":""2018-01-15""}"
2019-01-05,71500.00,"Faturamento PME Mensal 1/2019",revenue,"Receita de Vendas","ncg,welford,rolling_margin","{""massa_salarial_12"":116000,""receita_bruta_12"":858000}"
2019-01-08,8700.00,"Folha Pro-Labore Administrador 1/2019",expense,"Retiradas","fator_r,irpf_2026,simples_nacional","{""massa_salarial_12"":116000,""receita_bruta_12"":858000}"
2019-01-12,3260.00,"Financiamento Imóvel SAC Parcela 37/120",expense,"Imóveis","sistema_sac,cap_rate,ross_heidecke","{""property_value"":350000,""monthly_rent"":2100,""installment_no"":37,""interest_paid"":1260}"
2019-01-18,4000.00,"Aporte Fundo Offshore Swissquote 1/2019",deposit,"Investimentos Externos","fbar,fatca,sankey,monte_carlo","{""jurisdicao_pais"":""Suiça"",""moeda"":""USD""}"
2019-01-14,245.00,"Abastecimento Posto Shell CAR01 (75850 km)",expense,"Frotas & Veículos","cpk,weibull,ubi,tco_vehicle","{""idveiculo"":""CAR01"",""perfil_msrp"":65000,""odometer"":75850}"
2019-01-27,261.00,"Abastecimento Posto Ipiranga CAR01 (76750 km)",expense,"Frotas & Veículos","cpk,weibull,ubi,tco_vehicle","{""idveiculo"":""CAR01"",""perfil_msrp"":65000,""odometer"":76750}"
2019-02-05,74000.00,"Faturamento PME Mensal 2/2019",revenue,"Receita de Vendas","ncg,welford,rolling_margin","{""massa_salarial_12"":116000,""receita_bruta_12"":888000}"
2019-02-08,8700.00,"Folha Pro-Labore Administrador 2/2019",expense,"Retiradas","fator_r,irpf_2026,simples_nacional","{""massa_salarial_12"":116000,""receita_bruta_12"":888000}"
2019-02-12,3245.00,"Financiamento Imóvel SAC Parcela 38/120",expense,"Imóveis","sistema_sac,cap_rate,ross_heidecke","{""property_value"":350000,""monthly_rent"":2100,""installment_no"":38,""interest_paid"":1245}"
2019-02-18,4000.00,"Aporte Fundo Offshore Swissquote 2/2019",deposit,"Investimentos Externos","fbar,fatca,sankey,monte_carlo","{""jurisdicao_pais"":""Suiça"",""moeda"":""USD""}"
2019-02-14,250.00,"Abastecimento Posto Shell CAR01 (77600 km)",expense,"Frotas & Veículos","cpk,weibull,ubi,tco_vehicle","{""idveiculo"":""CAR01"",""perfil_msrp"":65000,""odometer"":77600}"
2019-02-27,267.00,"Abastecimento Posto Ipiranga CAR01 (78500 km)",expense,"Frotas & Veículos","cpk,weibull,ubi,tco_vehicle","{""idveiculo"":""CAR01"",""perfil_msrp"":65000,""odometer"":78500}"
2019-03-05,69000.00,"Faturamento PME Mensal 3/2019",revenue,"Receita de Vendas","ncg,welford,rolling_margin","{""massa_salarial_12"":116000,""receita_bruta_12"":828000}"
2019-03-08,8700.00,"Folha Pro-Labore Administrador 3/2019",expense,"Retiradas","fator_r,irpf_2026,simples_nacional","{""massa_salarial_12"":116000,""receita_bruta_12"":828000}"
2019-03-12,3230.00,"Financiamento Imóvel SAC Parcela 39/120",expense,"Imóveis","sistema_sac,cap_rate,ross_heidecke","{""property_value"":350000,""monthly_rent"":2100,""installment_no"":39,""interest_paid"":1230}"
2019-03-18,4000.00,"Aporte Fundo Offshore Swissquote 3/2019",deposit,"Investimentos Externos","fbar,fatca,sankey,monte_carlo","{""jurisdicao_pais"":""Suiça"",""moeda"":""USD""}"
2019-03-14,255.00,"Abastecimento Posto Shell CAR01 (79350 km)",expense,"Frotas & Veículos","cpk,weibull,ubi,tco_vehicle","{""idveiculo"":""CAR01"",""perfil_msrp"":65000,""odometer"":79350}"
2019-03-27,273.00,"Abastecimento Posto Ipiranga CAR01 (80250 km)",expense,"Frotas & Veículos","cpk,weibull,ubi,tco_vehicle","{""idveiculo"":""CAR01"",""perfil_msrp"":65000,""odometer"":80250}"
2019-03-22,4700.00,"Depósito Judicial Trabalhista (ADC 58) Q1/2019",deposit,"Ações Judiciais","taxa_legal,adc_58,simples_nacional","{""data_ajuizamento"":""2018-04-10"",""data_vencimento"":""2019-01-15""}"
2019-04-05,71500.00,"Faturamento PME Mensal 4/2019",revenue,"Receita de Vendas","ncg,welford,rolling_margin","{""massa_salarial_12"":116000,""receita_bruta_12"":858000}"
2019-04-08,8700.00,"Folha Pro-Labore Administrador 4/2019",expense,"Retiradas","fator_r,irpf_2026,simples_nacional","{""massa_salarial_12"":116000,""receita_bruta_12"":858000}"
2019-04-12,3215.00,"Financiamento Imóvel SAC Parcela 40/120",expense,"Imóveis","sistema_sac,cap_rate,ross_heidecke","{""property_value"":350000,""monthly_rent"":2100,""installment_no"":40,""interest_paid"":1215}"
2019-04-18,4000.00,"Aporte Fundo Offshore Swissquote 4/2019",deposit,"Investimentos Externos","fbar,fatca,sankey,monte_carlo","{""jurisdicao_pais"":""Suiça"",""moeda"":""USD""}"
2019-04-14,260.00,"Abastecimento Posto Shell CAR01 (81100 km)",expense,"Frotas & Veículos","cpk,weibull,ubi,tco_vehicle","{""idveiculo"":""CAR01"",""perfil_msrp"":65000,""odometer"":81100}"
2019-04-27,279.00,"Abastecimento Posto Ipiranga CAR01 (82000 km)",expense,"Frotas & Veículos","cpk,weibull,ubi,tco_vehicle","{""idveiculo"":""CAR01"",""perfil_msrp"":65000,""odometer"":82000}"
2019-05-05,74000.00,"Faturamento PME Mensal 5/2019",revenue,"Receita de Vendas","ncg,welford,rolling_margin","{""massa_salarial_12"":116000,""receita_bruta_12"":888000}"
2019-05-08,8700.00,"Folha Pro-Labore Administrador 5/2019",expense,"Retiradas","fator_r,irpf_2026,simples_nacional","{""massa_salarial_12"":116000,""receita_bruta_12"":888000}"
2019-05-12,3200.00,"Financiamento Imóvel SAC Parcela 41/120",expense,"Imóveis","sistema_sac,cap_rate,ross_heidecke","{""property_value"":350000,""monthly_rent"":2100,""installment_no"":41,""interest_paid"":1200}"
2019-05-18,4000.00,"Aporte Fundo Offshore Swissquote 5/2019",deposit,"Investimentos Externos","fbar,fatca,sankey,monte_carlo","{""jurisdicao_pais"":""Suiça"",""moeda"":""USD""}"
2019-05-14,265.00,"Abastecimento Posto Shell CAR01 (82850 km)",expense,"Frotas & Veículos","cpk,weibull,ubi,tco_vehicle","{""idveiculo"":""CAR01"",""perfil_msrp"":65000,""odometer"":82850}"
2019-05-27,285.00,"Abastecimento Posto Ipiranga CAR01 (83750 km)",expense,"Frotas & Veículos","cpk,weibull,ubi,tco_vehicle","{""idveiculo"":""CAR01"",""perfil_msrp"":65000,""odometer"":83750}"
2019-06-05,69000.00,"Faturamento PME Mensal 6/2019",revenue,"Receita de Vendas","ncg,welford,rolling_margin","{""massa_salarial_12"":116000,""receita_bruta_12"":828000}"
2019-06-08,8700.00,"Folha Pro-Labore Administrador 6/2019",expense,"Retiradas","fator_r,irpf_2026,simples_nacional","{""massa_salarial_12"":116000,""receita_bruta_12"":828000}"
2019-06-12,3185.00,"Financiamento Imóvel SAC Parcela 42/120",expense,"Imóveis","sistema_sac,cap_rate,ross_heidecke","{""property_value"":350000,""monthly_rent"":2100,""installment_no"":42,""interest_paid"":1185}"
2019-06-18,4000.00,"Aporte Fundo Offshore Swissquote 6/2019",deposit,"Investimentos Externos","fbar,fatca,sankey,monte_carlo","{""jurisdicao_pais"":""Suiça"",""moeda"":""USD""}"
2019-06-14,270.00,"Abastecimento Posto Shell CAR01 (84600 km)",expense,"Frotas & Veículos","cpk,weibull,ubi,tco_vehicle","{""idveiculo"":""CAR01"",""perfil_msrp"":65000,""odometer"":84600}"
2019-06-27,291.00,"Abastecimento Posto Ipiranga CAR01 (85500 km)",expense,"Frotas & Veículos","cpk,weibull,ubi,tco_vehicle","{""idveiculo"":""CAR01"",""perfil_msrp"":65000,""odometer"":85500}"
2019-06-22,4700.00,"Depósito Judicial Trabalhista (ADC 58) Q2/2019",deposit,"Ações Judiciais","taxa_legal,adc_58,simples_nacional","{""data_ajuizamento"":""2018-04-10"",""data_vencimento"":""2019-01-15""}"
2019-07-05,71500.00,"Faturamento PME Mensal 7/2019",revenue,"Receita de Vendas","ncg,welford,rolling_margin","{""massa_salarial_12"":116000,""receita_bruta_12"":858000}"
2019-07-08,8700.00,"Folha Pro-Labore Administrador 7/2019",expense,"Retiradas","fator_r,irpf_2026,simples_nacional","{""massa_salarial_12"":116000,""receita_bruta_12"":858000}"
2019-07-12,3170.00,"Financiamento Imóvel SAC Parcela 43/120",expense,"Imóveis","sistema_sac,cap_rate,ross_heidecke","{""property_value"":350000,""monthly_rent"":2100,""installment_no"":43,""interest_paid"":1170}"
2019-07-18,4000.00,"Aporte Fundo Offshore Swissquote 7/2019",deposit,"Investimentos Externos","fbar,fatca,sankey,monte_carlo","{""jurisdicao_pais"":""Suiça"",""moeda"":""USD""}"
2019-07-14,275.00,"Abastecimento Posto Shell CAR01 (86350 km)",expense,"Frotas & Veículos","cpk,weibull,ubi,tco_vehicle","{""idveiculo"":""CAR01"",""perfil_msrp"":65000,""odometer"":86350}"
2019-07-27,297.00,"Abastecimento Posto Ipiranga CAR01 (87250 km)",expense,"Frotas & Veículos","cpk,weibull,ubi,tco_vehicle","{""idveiculo"":""CAR01"",""perfil_msrp"":65000,""odometer"":87250}"
2019-08-05,74000.00,"Faturamento PME Mensal 8/2019",revenue,"Receita de Vendas","ncg,welford,rolling_margin","{""massa_salarial_12"":116000,""receita_bruta_12"":888000}"
2019-08-08,8700.00,"Folha Pro-Labore Administrador 8/2019",expense,"Retiradas","fator_r,irpf_2026,simples_nacional","{""massa_salarial_12"":116000,""receita_bruta_12"":888000}"
2019-08-12,3155.00,"Financiamento Imóvel SAC Parcela 44/120",expense,"Imóveis","sistema_sac,cap_rate,ross_heidecke","{""property_value"":350000,""monthly_rent"":2100,""installment_no"":44,""interest_paid"":1155}"
2019-08-18,4000.00,"Aporte Fundo Offshore Swissquote 8/2019",deposit,"Investimentos Externos","fbar,fatca,sankey,monte_carlo","{""jurisdicao_pais"":""Suiça"",""moeda"":""USD""}"
2019-08-14,280.00,"Abastecimento Posto Shell CAR01 (88100 km)",expense,"Frotas & Veículos","cpk,weibull,ubi,tco_vehicle","{""idveiculo"":""CAR01"",""perfil_msrp"":65000,""odometer"":88100}"
2019-08-27,303.00,"Abastecimento Posto Ipiranga CAR01 (89000 km)",expense,"Frotas & Veículos","cpk,weibull,ubi,tco_vehicle","{""idveiculo"":""CAR01"",""perfil_msrp"":65000,""odometer"":89000}"
2019-09-05,69000.00,"Faturamento PME Mensal 9/2019",revenue,"Receita de Vendas","ncg,welford,rolling_margin","{""massa_salarial_12"":116000,""receita_bruta_12"":828000}"
2019-09-08,8700.00,"Folha Pro-Labore Administrador 9/2019",expense,"Retiradas","fator_r,irpf_2026,simples_nacional","{""massa_salarial_12"":116000,""receita_bruta_12"":828000}"
2019-09-12,3140.00,"Financiamento Imóvel SAC Parcela 45/120",expense,"Imóveis","sistema_sac,cap_rate,ross_heidecke","{""property_value"":350000,""monthly_rent"":2100,""installment_no"":45,""interest_paid"":1140}"
2019-09-18,4000.00,"Aporte Fundo Offshore Swissquote 9/2019",deposit,"Investimentos Externos","fbar,fatca,sankey,monte_carlo","{""jurisdicao_pais"":""Suiça"",""moeda"":""USD""}"
2019-09-14,285.00,"Abastecimento Posto Shell CAR01 (89850 km)",expense,"Frotas & Veículos","cpk,weibull,ubi,tco_vehicle","{""idveiculo"":""CAR01"",""perfil_msrp"":65000,""odometer"":89850}"
2019-09-27,309.00,"Abastecimento Posto Ipiranga CAR01 (90750 km)",expense,"Frotas & Veículos","cpk,weibull,ubi,tco_vehicle","{""idveiculo"":""CAR01"",""perfil_msrp"":65000,""odometer"":90750}"
2019-09-22,4700.00,"Depósito Judicial Trabalhista (ADC 58) Q3/2019",deposit,"Ações Judiciais","taxa_legal,adc_58,simples_nacional","{""data_ajuizamento"":""2018-04-10"",""data_vencimento"":""2019-01-15""}"
2019-10-05,71500.00,"Faturamento PME Mensal 10/2019",revenue,"Receita de Vendas","ncg,welford,rolling_margin","{""massa_salarial_12"":116000,""receita_bruta_12"":858000}"
2019-10-08,8700.00,"Folha Pro-Labore Administrador 10/2019",expense,"Retiradas","fator_r,irpf_2026,simples_nacional","{""massa_salarial_12"":116000,""receita_bruta_12"":858000}"
2019-10-12,3125.00,"Financiamento Imóvel SAC Parcela 46/120",expense,"Imóveis","sistema_sac,cap_rate,ross_heidecke","{""property_value"":350000,""monthly_rent"":2100,""installment_no"":46,""interest_paid"":1125}"
2019-10-18,4000.00,"Aporte Fundo Offshore Swissquote 10/2019",deposit,"Investimentos Externos","fbar,fatca,sankey,monte_carlo","{""jurisdicao_pais"":""Suiça"",""moeda"":""USD""}"
2019-10-14,290.00,"Abastecimento Posto Shell CAR01 (91600 km)",expense,"Frotas & Veículos","cpk,weibull,ubi,tco_vehicle","{""idveiculo"":""CAR01"",""perfil_msrp"":65000,""odometer"":91600}"
2019-10-27,315.00,"Abastecimento Posto Ipiranga CAR01 (92500 km)",expense,"Frotas & Veículos","cpk,weibull,ubi,tco_vehicle","{""idveiculo"":""CAR01"",""perfil_msrp"":65000,""odometer"":92500}"
2019-11-05,74000.00,"Faturamento PME Mensal 11/2019",revenue,"Receita de Vendas","ncg,welford,rolling_margin","{""massa_salarial_12"":116000,""receita_bruta_12"":888000}"
2019-11-08,8700.00,"Folha Pro-Labore Administrador 11/2019",expense,"Retiradas","fator_r,irpf_2026,simples_nacional","{""massa_salarial_12"":116000,""receita_bruta_12"":888000}"
2019-11-12,3110.00,"Financiamento Imóvel SAC Parcela 47/120",expense,"Imóveis","sistema_sac,cap_rate,ross_heidecke","{""property_value"":350000,""monthly_rent"":2100,""installment_no"":47,""interest_paid"":1110}"
2019-11-18,4000.00,"Aporte Fundo Offshore Swissquote 11/2019",deposit,"Investimentos Externos","fbar,fatca,sankey,monte_carlo","{""jurisdicao_pais"":""Suiça"",""moeda"":""USD""}"
2019-11-14,295.00,"Abastecimento Posto Shell CAR01 (93350 km)",expense,"Frotas & Veículos","cpk,weibull,ubi,tco_vehicle","{""idveiculo"":""CAR01"",""perfil_msrp"":65000,""odometer"":93350}"
2019-11-27,321.00,"Abastecimento Posto Ipiranga CAR01 (94250 km)",expense,"Frotas & Veículos","cpk,weibull,ubi,tco_vehicle","{""idveiculo"":""CAR01"",""perfil_msrp"":65000,""odometer"":94250}"
2019-12-05,69000.00,"Faturamento PME Mensal 12/2019",revenue,"Receita de Vendas","ncg,welford,rolling_margin","{""massa_salarial_12"":116000,""receita_bruta_12"":828000}"
2019-12-08,8700.00,"Folha Pro-Labore Administrador 12/2019",expense,"Retiradas","fator_r,irpf_2026,simples_nacional","{""massa_salarial_12"":116000,""receita_bruta_12"":828000}"
2019-12-12,3095.00,"Financiamento Imóvel SAC Parcela 48/120",expense,"Imóveis","sistema_sac,cap_rate,ross_heidecke","{""property_value"":350000,""monthly_rent"":2100,""installment_no"":48,""interest_paid"":1095}"
2019-12-18,4000.00,"Aporte Fundo Offshore Swissquote 12/2019",deposit,"Investimentos Externos","fbar,fatca,sankey,monte_carlo","{""jurisdicao_pais"":""Suiça"",""moeda"":""USD""}"
2019-12-14,300.00,"Abastecimento Posto Shell CAR01 (95100 km)",expense,"Frotas & Veículos","cpk,weibull,ubi,tco_vehicle","{""idveiculo"":""CAR01"",""perfil_msrp"":65000,""odometer"":95100}"
2019-12-27,327.00,"Abastecimento Posto Ipiranga CAR01 (96000 km)",expense,"Frotas & Veículos","cpk,weibull,ubi,tco_vehicle","{""idveiculo"":""CAR01"",""perfil_msrp"":65000,""odometer"":96000}"
2019-12-22,4700.00,"Depósito Judicial Trabalhista (ADC 58) Q4/2019",deposit,"Ações Judiciais","taxa_legal,adc_58,simples_nacional","{""data_ajuizamento"":""2018-04-10"",""data_vencimento"":""2019-01-15""}"
2020-01-05,79500.00,"Faturamento PME Mensal 1/2020",revenue,"Receita de Vendas","ncg,welford,rolling_margin","{""massa_salarial_12"":128000,""receita_bruta_12"":954000}"
2020-01-08,9600.00,"Folha Pro-Labore Administrador 1/2020",expense,"Retiradas","fator_r,irpf_2026,simples_nacional","{""massa_salarial_12"":128000,""receita_bruta_12"":954000}"
2020-01-12,3080.00,"Financiamento Imóvel SAC Parcela 49/120",expense,"Imóveis","sistema_sac,cap_rate,ross_heidecke","{""property_value"":350000,""monthly_rent"":2100,""installment_no"":49,""interest_paid"":1080}"
2020-01-18,4500.00,"Aporte Fundo Offshore Swissquote 1/2020",deposit,"Investimentos Externos","fbar,fatca,sankey,monte_carlo","{""jurisdicao_pais"":""Suiça"",""moeda"":""USD""}"
2020-01-14,245.00,"Abastecimento Posto Shell CAR01 (96850 km)",expense,"Frotas & Veículos","cpk,weibull,ubi,tco_vehicle","{""idveiculo"":""CAR01"",""perfil_msrp"":65000,""odometer"":96850}"
2020-01-27,261.00,"Abastecimento Posto Ipiranga CAR01 (97750 km)",expense,"Frotas & Veículos","cpk,weibull,ubi,tco_vehicle","{""idveiculo"":""CAR01"",""perfil_msrp"":65000,""odometer"":97750}"
2020-02-05,82000.00,"Faturamento PME Mensal 2/2020",revenue,"Receita de Vendas","ncg,welford,rolling_margin","{""massa_salarial_12"":128000,""receita_bruta_12"":984000}"
2020-02-08,9600.00,"Folha Pro-Labore Administrador 2/2020",expense,"Retiradas","fator_r,irpf_2026,simples_nacional","{""massa_salarial_12"":128000,""receita_bruta_12"":984000}"
2020-02-12,3065.00,"Financiamento Imóvel SAC Parcela 50/120",expense,"Imóveis","sistema_sac,cap_rate,ross_heidecke","{""property_value"":350000,""monthly_rent"":2100,""installment_no"":50,""interest_paid"":1065}"
2020-02-18,4500.00,"Aporte Fundo Offshore Swissquote 2/2020",deposit,"Investimentos Externos","fbar,fatca,sankey,monte_carlo","{""jurisdicao_pais"":""Suiça"",""moeda"":""USD""}"
2020-02-14,250.00,"Abastecimento Posto Shell CAR01 (98600 km)",expense,"Frotas & Veículos","cpk,weibull,ubi,tco_vehicle","{""idveiculo"":""CAR01"",""perfil_msrp"":65000,""odometer"":98600}"
2020-02-27,267.00,"Abastecimento Posto Ipiranga CAR01 (99500 km)",expense,"Frotas & Veículos","cpk,weibull,ubi,tco_vehicle","{""idveiculo"":""CAR01"",""perfil_msrp"":65000,""odometer"":99500}"
2020-03-05,77000.00,"Faturamento PME Mensal 3/2020",revenue,"Receita de Vendas","ncg,welford,rolling_margin","{""massa_salarial_12"":128000,""receita_bruta_12"":924000}"
2020-03-08,9600.00,"Folha Pro-Labore Administrador 3/2020",expense,"Retiradas","fator_r,irpf_2026,simples_nacional","{""massa_salarial_12"":128000,""receita_bruta_12"":924000}"
2020-03-12,3050.00,"Financiamento Imóvel SAC Parcela 51/120",expense,"Imóveis","sistema_sac,cap_rate,ross_heidecke","{""property_value"":350000,""monthly_rent"":2100,""installment_no"":51,""interest_paid"":1050}"
2020-03-18,4500.00,"Aporte Fundo Offshore Swissquote 3/2020",deposit,"Investimentos Externos","fbar,fatca,sankey,monte_carlo","{""jurisdicao_pais"":""Suiça"",""moeda"":""USD""}"
2020-03-14,255.00,"Abastecimento Posto Shell CAR01 (100350 km)",expense,"Frotas & Veículos","cpk,weibull,ubi,tco_vehicle","{""idveiculo"":""CAR01"",""perfil_msrp"":65000,""odometer"":100350}"
2020-03-27,273.00,"Abastecimento Posto Ipiranga CAR01 (101250 km)",expense,"Frotas & Veículos","cpk,weibull,ubi,tco_vehicle","{""idveiculo"":""CAR01"",""perfil_msrp"":65000,""odometer"":101250}"
2020-03-22,5100.00,"Depósito Judicial Trabalhista (ADC 58) Q1/2020",deposit,"Ações Judiciais","taxa_legal,adc_58,simples_nacional","{""data_ajuizamento"":""2019-04-10"",""data_vencimento"":""2020-01-15""}"
2020-04-05,79500.00,"Faturamento PME Mensal 4/2020",revenue,"Receita de Vendas","ncg,welford,rolling_margin","{""massa_salarial_12"":128000,""receita_bruta_12"":954000}"
2020-04-08,9600.00,"Folha Pro-Labore Administrador 4/2020",expense,"Retiradas","fator_r,irpf_2026,simples_nacional","{""massa_salarial_12"":128000,""receita_bruta_12"":954000}"
2020-04-12,3035.00,"Financiamento Imóvel SAC Parcela 52/120",expense,"Imóveis","sistema_sac,cap_rate,ross_heidecke","{""property_value"":350000,""monthly_rent"":2100,""installment_no"":52,""interest_paid"":1035}"
2020-04-18,4500.00,"Aporte Fundo Offshore Swissquote 4/2020",deposit,"Investimentos Externos","fbar,fatca,sankey,monte_carlo","{""jurisdicao_pais"":""Suiça"",""moeda"":""USD""}"
2020-04-14,260.00,"Abastecimento Posto Shell CAR01 (102100 km)",expense,"Frotas & Veículos","cpk,weibull,ubi,tco_vehicle","{""idveiculo"":""CAR01"",""perfil_msrp"":65000,""odometer"":102100}"
2020-04-27,279.00,"Abastecimento Posto Ipiranga CAR01 (103000 km)",expense,"Frotas & Veículos","cpk,weibull,ubi,tco_vehicle","{""idveiculo"":""CAR01"",""perfil_msrp"":65000,""odometer"":103000}"
2020-05-05,82000.00,"Faturamento PME Mensal 5/2020",revenue,"Receita de Vendas","ncg,welford,rolling_margin","{""massa_salarial_12"":128000,""receita_bruta_12"":984000}"
2020-05-08,9600.00,"Folha Pro-Labore Administrador 5/2020",expense,"Retiradas","fator_r,irpf_2026,simples_nacional","{""massa_salarial_12"":128000,""receita_bruta_12"":984000}"
2020-05-12,3020.00,"Financiamento Imóvel SAC Parcela 53/120",expense,"Imóveis","sistema_sac,cap_rate,ross_heidecke","{""property_value"":350000,""monthly_rent"":2100,""installment_no"":53,""interest_paid"":1020}"
2020-05-18,4500.00,"Aporte Fundo Offshore Swissquote 5/2020",deposit,"Investimentos Externos","fbar,fatca,sankey,monte_carlo","{""jurisdicao_pais"":""Suiça"",""moeda"":""USD""}"
2020-05-14,265.00,"Abastecimento Posto Shell CAR01 (103850 km)",expense,"Frotas & Veículos","cpk,weibull,ubi,tco_vehicle","{""idveiculo"":""CAR01"",""perfil_msrp"":65000,""odometer"":103850}"
2020-05-27,285.00,"Abastecimento Posto Ipiranga CAR01 (104750 km)",expense,"Frotas & Veículos","cpk,weibull,ubi,tco_vehicle","{""idveiculo"":""CAR01"",""perfil_msrp"":65000,""odometer"":104750}"
2020-06-05,77000.00,"Faturamento PME Mensal 6/2020",revenue,"Receita de Vendas","ncg,welford,rolling_margin","{""massa_salarial_12"":128000,""receita_bruta_12"":924000}"
2020-06-08,9600.00,"Folha Pro-Labore Administrador 6/2020",expense,"Retiradas","fator_r,irpf_2026,simples_nacional","{""massa_salarial_12"":128000,""receita_bruta_12"":924000}"
2020-06-12,3005.00,"Financiamento Imóvel SAC Parcela 54/120",expense,"Imóveis","sistema_sac,cap_rate,ross_heidecke","{""property_value"":350000,""monthly_rent"":2100,""installment_no"":54,""interest_paid"":1005}"
2020-06-18,4500.00,"Aporte Fundo Offshore Swissquote 6/2020",deposit,"Investimentos Externos","fbar,fatca,sankey,monte_carlo","{""jurisdicao_pais"":""Suiça"",""moeda"":""USD""}"
2020-06-14,270.00,"Abastecimento Posto Shell CAR01 (105600 km)",expense,"Frotas & Veículos","cpk,weibull,ubi,tco_vehicle","{""idveiculo"":""CAR01"",""perfil_msrp"":65000,""odometer"":105600}"
2020-06-27,291.00,"Abastecimento Posto Ipiranga CAR01 (106500 km)",expense,"Frotas & Veículos","cpk,weibull,ubi,tco_vehicle","{""idveiculo"":""CAR01"",""perfil_msrp"":65000,""odometer"":106500}"
2020-06-22,5100.00,"Depósito Judicial Trabalhista (ADC 58) Q2/2020",deposit,"Ações Judiciais","taxa_legal,adc_58,simples_nacional","{""data_ajuizamento"":""2019-04-10"",""data_vencimento"":""2020-01-15""}"
2020-07-05,79500.00,"Faturamento PME Mensal 7/2020",revenue,"Receita de Vendas","ncg,welford,rolling_margin","{""massa_salarial_12"":128000,""receita_bruta_12"":954000}"
2020-07-08,9600.00,"Folha Pro-Labore Administrador 7/2020",expense,"Retiradas","fator_r,irpf_2026,simples_nacional","{""massa_salarial_12"":128000,""receita_bruta_12"":954000}"
2020-07-12,2990.00,"Financiamento Imóvel SAC Parcela 55/120",expense,"Imóveis","sistema_sac,cap_rate,ross_heidecke","{""property_value"":350000,""monthly_rent"":2100,""installment_no"":55,""interest_paid"":990}"
2020-07-18,4500.00,"Aporte Fundo Offshore Swissquote 7/2020",deposit,"Investimentos Externos","fbar,fatca,sankey,monte_carlo","{""jurisdicao_pais"":""Suiça"",""moeda"":""USD""}"
2020-07-14,275.00,"Abastecimento Posto Shell CAR01 (107350 km)",expense,"Frotas & Veículos","cpk,weibull,ubi,tco_vehicle","{""idveiculo"":""CAR01"",""perfil_msrp"":65000,""odometer"":107350}"
2020-07-27,297.00,"Abastecimento Posto Ipiranga CAR01 (108250 km)",expense,"Frotas & Veículos","cpk,weibull,ubi,tco_vehicle","{""idveiculo"":""CAR01"",""perfil_msrp"":65000,""odometer"":108250}"
2020-08-05,82000.00,"Faturamento PME Mensal 8/2020",revenue,"Receita de Vendas","ncg,welford,rolling_margin","{""massa_salarial_12"":128000,""receita_bruta_12"":984000}"
2020-08-08,9600.00,"Folha Pro-Labore Administrador 8/2020",expense,"Retiradas","fator_r,irpf_2026,simples_nacional","{""massa_salarial_12"":128000,""receita_bruta_12"":984000}"
2020-08-12,2975.00,"Financiamento Imóvel SAC Parcela 56/120",expense,"Imóveis","sistema_sac,cap_rate,ross_heidecke","{""property_value"":350000,""monthly_rent"":2100,""installment_no"":56,""interest_paid"":975}"
2020-08-18,4500.00,"Aporte Fundo Offshore Swissquote 8/2020",deposit,"Investimentos Externos","fbar,fatca,sankey,monte_carlo","{""jurisdicao_pais"":""Suiça"",""moeda"":""USD""}"
2020-08-14,280.00,"Abastecimento Posto Shell CAR01 (109100 km)",expense,"Frotas & Veículos","cpk,weibull,ubi,tco_vehicle","{""idveiculo"":""CAR01"",""perfil_msrp"":65000,""odometer"":109100}"
2020-08-27,303.00,"Abastecimento Posto Ipiranga CAR01 (110000 km)",expense,"Frotas & Veículos","cpk,weibull,ubi,tco_vehicle","{""idveiculo"":""CAR01"",""perfil_msrp"":65000,""odometer"":110000}"
2020-09-05,77000.00,"Faturamento PME Mensal 9/2020",revenue,"Receita de Vendas","ncg,welford,rolling_margin","{""massa_salarial_12"":128000,""receita_bruta_12"":924000}"
2020-09-08,9600.00,"Folha Pro-Labore Administrador 9/2020",expense,"Retiradas","fator_r,irpf_2026,simples_nacional","{""massa_salarial_12"":128000,""receita_bruta_12"":924000}"
2020-09-12,2960.00,"Financiamento Imóvel SAC Parcela 57/120",expense,"Imóveis","sistema_sac,cap_rate,ross_heidecke","{""property_value"":350000,""monthly_rent"":2100,""installment_no"":57,""interest_paid"":960}"
2020-09-18,4500.00,"Aporte Fundo Offshore Swissquote 9/2020",deposit,"Investimentos Externos","fbar,fatca,sankey,monte_carlo","{""jurisdicao_pais"":""Suiça"",""moeda"":""USD""}"
2020-09-14,285.00,"Abastecimento Posto Shell CAR01 (110850 km)",expense,"Frotas & Veículos","cpk,weibull,ubi,tco_vehicle","{""idveiculo"":""CAR01"",""perfil_msrp"":65000,""odometer"":110850}"
2020-09-27,309.00,"Abastecimento Posto Ipiranga CAR01 (111750 km)",expense,"Frotas & Veículos","cpk,weibull,ubi,tco_vehicle","{""idveiculo"":""CAR01"",""perfil_msrp"":65000,""odometer"":111750}"
2020-09-22,5100.00,"Depósito Judicial Trabalhista (ADC 58) Q3/2020",deposit,"Ações Judiciais","taxa_legal,adc_58,simples_nacional","{""data_ajuizamento"":""2019-04-10"",""data_vencimento"":""2020-01-15""}"
2020-10-05,79500.00,"Faturamento PME Mensal 10/2020",revenue,"Receita de Vendas","ncg,welford,rolling_margin","{""massa_salarial_12"":128000,""receita_bruta_12"":954000}"
2020-10-08,9600.00,"Folha Pro-Labore Administrador 10/2020",expense,"Retiradas","fator_r,irpf_2026,simples_nacional","{""massa_salarial_12"":128000,""receita_bruta_12"":954000}"
2020-10-12,2945.00,"Financiamento Imóvel SAC Parcela 58/120",expense,"Imóveis","sistema_sac,cap_rate,ross_heidecke","{""property_value"":350000,""monthly_rent"":2100,""installment_no"":58,""interest_paid"":945}"
2020-10-18,4500.00,"Aporte Fundo Offshore Swissquote 10/2020",deposit,"Investimentos Externos","fbar,fatca,sankey,monte_carlo","{""jurisdicao_pais"":""Suiça"",""moeda"":""USD""}"
2020-10-14,290.00,"Abastecimento Posto Shell CAR01 (112600 km)",expense,"Frotas & Veículos","cpk,weibull,ubi,tco_vehicle","{""idveiculo"":""CAR01"",""perfil_msrp"":65000,""odometer"":112600}"
2020-10-27,315.00,"Abastecimento Posto Ipiranga CAR01 (113500 km)",expense,"Frotas & Veículos","cpk,weibull,ubi,tco_vehicle","{""idveiculo"":""CAR01"",""perfil_msrp"":65000,""odometer"":113500}"
2020-11-05,82000.00,"Faturamento PME Mensal 11/2020",revenue,"Receita de Vendas","ncg,welford,rolling_margin","{""massa_salarial_12"":128000,""receita_bruta_12"":984000}"
2020-11-08,9600.00,"Folha Pro-Labore Administrador 11/2020",expense,"Retiradas","fator_r,irpf_2026,simples_nacional","{""massa_salarial_12"":128000,""receita_bruta_12"":984000}"
2020-11-12,2930.00,"Financiamento Imóvel SAC Parcela 59/120",expense,"Imóveis","sistema_sac,cap_rate,ross_heidecke","{""property_value"":350000,""monthly_rent"":2100,""installment_no"":59,""interest_paid"":930}"
2020-11-18,4500.00,"Aporte Fundo Offshore Swissquote 11/2020",deposit,"Investimentos Externos","fbar,fatca,sankey,monte_carlo","{""jurisdicao_pais"":""Suiça"",""moeda"":""USD""}"
2020-11-14,295.00,"Abastecimento Posto Shell CAR01 (114350 km)",expense,"Frotas & Veículos","cpk,weibull,ubi,tco_vehicle","{""idveiculo"":""CAR01"",""perfil_msrp"":65000,""odometer"":114350}"
2020-11-27,321.00,"Abastecimento Posto Ipiranga CAR01 (115250 km)",expense,"Frotas & Veículos","cpk,weibull,ubi,tco_vehicle","{""idveiculo"":""CAR01"",""perfil_msrp"":65000,""odometer"":115250}"
2020-12-05,77000.00,"Faturamento PME Mensal 12/2020",revenue,"Receita de Vendas","ncg,welford,rolling_margin","{""massa_salarial_12"":128000,""receita_bruta_12"":924000}"
2020-12-08,9600.00,"Folha Pro-Labore Administrador 12/2020",expense,"Retiradas","fator_r,irpf_2026,simples_nacional","{""massa_salarial_12"":128000,""receita_bruta_12"":924000}"
2020-12-12,2915.00,"Financiamento Imóvel SAC Parcela 60/120",expense,"Imóveis","sistema_sac,cap_rate,ross_heidecke","{""property_value"":350000,""monthly_rent"":2100,""installment_no"":60,""interest_paid"":915}"
2020-12-18,4500.00,"Aporte Fundo Offshore Swissquote 12/2020",deposit,"Investimentos Externos","fbar,fatca,sankey,monte_carlo","{""jurisdicao_pais"":""Suiça"",""moeda"":""USD""}"
2020-12-14,300.00,"Abastecimento Posto Shell CAR01 (116100 km)",expense,"Frotas & Veículos","cpk,weibull,ubi,tco_vehicle","{""idveiculo"":""CAR01"",""perfil_msrp"":65000,""odometer"":116100}"
2020-12-27,327.00,"Abastecimento Posto Ipiranga CAR01 (117000 km)",expense,"Frotas & Veículos","cpk,weibull,ubi,tco_vehicle","{""idveiculo"":""CAR01"",""perfil_msrp"":65000,""odometer"":117000}"
2020-12-22,5100.00,"Depósito Judicial Trabalhista (ADC 58) Q4/2020",deposit,"Ações Judiciais","taxa_legal,adc_58,simples_nacional","{""data_ajuizamento"":""2019-04-10"",""data_vencimento"":""2020-01-15""}"
2021-01-05,87500.00,"Faturamento PME Mensal 1/2021",revenue,"Receita de Vendas","ncg,welford,rolling_margin","{""massa_salarial_12"":140000,""receita_bruta_12"":1050000}"
2021-01-08,10500.00,"Folha Pro-Labore Administrador 1/2021",expense,"Retiradas","fator_r,irpf_2026,simples_nacional","{""massa_salarial_12"":140000,""receita_bruta_12"":1050000}"
2021-01-12,2900.00,"Financiamento Imóvel SAC Parcela 61/120",expense,"Imóveis","sistema_sac,cap_rate,ross_heidecke","{""property_value"":350000,""monthly_rent"":2100,""installment_no"":61,""interest_paid"":900}"
2021-01-18,5000.00,"Aporte Fundo Offshore Swissquote 1/2021",deposit,"Investimentos Externos","fbar,fatca,sankey,monte_carlo","{""jurisdicao_pais"":""Suiça"",""moeda"":""USD""}"
2021-01-14,245.00,"Abastecimento Posto Shell CAR01 (117850 km)",expense,"Frotas & Veículos","cpk,weibull,ubi,tco_vehicle","{""idveiculo"":""CAR01"",""perfil_msrp"":65000,""odometer"":117850}"
2021-01-27,261.00,"Abastecimento Posto Ipiranga CAR01 (118750 km)",expense,"Frotas & Veículos","cpk,weibull,ubi,tco_vehicle","{""idveiculo"":""CAR01"",""perfil_msrp"":65000,""odometer"":118750}"
2021-02-05,90000.00,"Faturamento PME Mensal 2/2021",revenue,"Receita de Vendas","ncg,welford,rolling_margin","{""massa_salarial_12"":140000,""receita_bruta_12"":1080000}"
2021-02-08,10500.00,"Folha Pro-Labore Administrador 2/2021",expense,"Retiradas","fator_r,irpf_2026,simples_nacional","{""massa_salarial_12"":140000,""receita_bruta_12"":1080000}"
2021-02-12,2885.00,"Financiamento Imóvel SAC Parcela 62/120",expense,"Imóveis","sistema_sac,cap_rate,ross_heidecke","{""property_value"":350000,""monthly_rent"":2100,""installment_no"":62,""interest_paid"":885}"
2021-02-18,5000.00,"Aporte Fundo Offshore Swissquote 2/2021",deposit,"Investimentos Externos","fbar,fatca,sankey,monte_carlo","{""jurisdicao_pais"":""Suiça"",""moeda"":""USD""}"
2021-02-14,250.00,"Abastecimento Posto Shell CAR01 (119600 km)",expense,"Frotas & Veículos","cpk,weibull,ubi,tco_vehicle","{""idveiculo"":""CAR01"",""perfil_msrp"":65000,""odometer"":119600}"
2021-02-27,267.00,"Abastecimento Posto Ipiranga CAR01 (120500 km)",expense,"Frotas & Veículos","cpk,weibull,ubi,tco_vehicle","{""idveiculo"":""CAR01"",""perfil_msrp"":65000,""odometer"":120500}"
2021-03-05,85000.00,"Faturamento PME Mensal 3/2021",revenue,"Receita de Vendas","ncg,welford,rolling_margin","{""massa_salarial_12"":140000,""receita_bruta_12"":1020000}"
2021-03-08,10500.00,"Folha Pro-Labore Administrador 3/2021",expense,"Retiradas","fator_r,irpf_2026,simples_nacional","{""massa_salarial_12"":140000,""receita_bruta_12"":1020000}"
2021-03-12,2870.00,"Financiamento Imóvel SAC Parcela 63/120",expense,"Imóveis","sistema_sac,cap_rate,ross_heidecke","{""property_value"":350000,""monthly_rent"":2100,""installment_no"":63,""interest_paid"":870}"
2021-03-18,5000.00,"Aporte Fundo Offshore Swissquote 3/2021",deposit,"Investimentos Externos","fbar,fatca,sankey,monte_carlo","{""jurisdicao_pais"":""Suiça"",""moeda"":""USD""}"
2021-03-14,255.00,"Abastecimento Posto Shell CAR01 (121350 km)",expense,"Frotas & Veículos","cpk,weibull,ubi,tco_vehicle","{""idveiculo"":""CAR01"",""perfil_msrp"":65000,""odometer"":121350}"
2021-03-27,273.00,"Abastecimento Posto Ipiranga CAR01 (122250 km)",expense,"Frotas & Veículos","cpk,weibull,ubi,tco_vehicle","{""idveiculo"":""CAR01"",""perfil_msrp"":65000,""odometer"":122250}"
2021-03-22,5500.00,"Depósito Judicial Trabalhista (ADC 58) Q1/2021",deposit,"Ações Judiciais","taxa_legal,adc_58,simples_nacional","{""data_ajuizamento"":""2020-04-10"",""data_vencimento"":""2021-01-15""}"
2021-04-05,87500.00,"Faturamento PME Mensal 4/2021",revenue,"Receita de Vendas","ncg,welford,rolling_margin","{""massa_salarial_12"":140000,""receita_bruta_12"":1050000}"
2021-04-08,10500.00,"Folha Pro-Labore Administrador 4/2021",expense,"Retiradas","fator_r,irpf_2026,simples_nacional","{""massa_salarial_12"":140000,""receita_bruta_12"":1050000}"
2021-04-12,2855.00,"Financiamento Imóvel SAC Parcela 64/120",expense,"Imóveis","sistema_sac,cap_rate,ross_heidecke","{""property_value"":350000,""monthly_rent"":2100,""installment_no"":64,""interest_paid"":855}"
2021-04-18,5000.00,"Aporte Fundo Offshore Swissquote 4/2021",deposit,"Investimentos Externos","fbar,fatca,sankey,monte_carlo","{""jurisdicao_pais"":""Suiça"",""moeda"":""USD""}"
2021-04-14,260.00,"Abastecimento Posto Shell CAR01 (123100 km)",expense,"Frotas & Veículos","cpk,weibull,ubi,tco_vehicle","{""idveiculo"":""CAR01"",""perfil_msrp"":65000,""odometer"":123100}"
2021-04-27,279.00,"Abastecimento Posto Ipiranga CAR01 (124000 km)",expense,"Frotas & Veículos","cpk,weibull,ubi,tco_vehicle","{""idveiculo"":""CAR01"",""perfil_msrp"":65000,""odometer"":124000}"
2021-05-05,90000.00,"Faturamento PME Mensal 5/2021",revenue,"Receita de Vendas","ncg,welford,rolling_margin","{""massa_salarial_12"":140000,""receita_bruta_12"":1080000}"
2021-05-08,10500.00,"Folha Pro-Labore Administrador 5/2021",expense,"Retiradas","fator_r,irpf_2026,simples_nacional","{""massa_salarial_12"":140000,""receita_bruta_12"":1080000}"
2021-05-12,2840.00,"Financiamento Imóvel SAC Parcela 65/120",expense,"Imóveis","sistema_sac,cap_rate,ross_heidecke","{""property_value"":350000,""monthly_rent"":2100,""installment_no"":65,""interest_paid"":840}"
2021-05-18,5000.00,"Aporte Fundo Offshore Swissquote 5/2021",deposit,"Investimentos Externos","fbar,fatca,sankey,monte_carlo","{""jurisdicao_pais"":""Suiça"",""moeda"":""USD""}"
2021-05-14,265.00,"Abastecimento Posto Shell CAR01 (124850 km)",expense,"Frotas & Veículos","cpk,weibull,ubi,tco_vehicle","{""idveiculo"":""CAR01"",""perfil_msrp"":65000,""odometer"":124850}"
2021-05-27,285.00,"Abastecimento Posto Ipiranga CAR01 (125750 km)",expense,"Frotas & Veículos","cpk,weibull,ubi,tco_vehicle","{""idveiculo"":""CAR01"",""perfil_msrp"":65000,""odometer"":125750}"
2021-06-05,85000.00,"Faturamento PME Mensal 6/2021",revenue,"Receita de Vendas","ncg,welford,rolling_margin","{""massa_salarial_12"":140000,""receita_bruta_12"":1020000}"
2021-06-08,10500.00,"Folha Pro-Labore Administrador 6/2021",expense,"Retiradas","fator_r,irpf_2026,simples_nacional","{""massa_salarial_12"":140000,""receita_bruta_12"":1020000}"
2021-06-12,2825.00,"Financiamento Imóvel SAC Parcela 66/120",expense,"Imóveis","sistema_sac,cap_rate,ross_heidecke","{""property_value"":350000,""monthly_rent"":2100,""installment_no"":66,""interest_paid"":825}"
2021-06-18,5000.00,"Aporte Fundo Offshore Swissquote 6/2021",deposit,"Investimentos Externos","fbar,fatca,sankey,monte_carlo","{""jurisdicao_pais"":""Suiça"",""moeda"":""USD""}"
2021-06-14,270.00,"Abastecimento Posto Shell CAR01 (126600 km)",expense,"Frotas & Veículos","cpk,weibull,ubi,tco_vehicle","{""idveiculo"":""CAR01"",""perfil_msrp"":65000,""odometer"":126600}"
2021-06-27,291.00,"Abastecimento Posto Ipiranga CAR01 (127500 km)",expense,"Frotas & Veículos","cpk,weibull,ubi,tco_vehicle","{""idveiculo"":""CAR01"",""perfil_msrp"":65000,""odometer"":127500}"
2021-06-22,5500.00,"Depósito Judicial Trabalhista (ADC 58) Q2/2021",deposit,"Ações Judiciais","taxa_legal,adc_58,simples_nacional","{""data_ajuizamento"":""2020-04-10"",""data_vencimento"":""2021-01-15""}"
2021-07-05,87500.00,"Faturamento PME Mensal 7/2021",revenue,"Receita de Vendas","ncg,welford,rolling_margin","{""massa_salarial_12"":140000,""receita_bruta_12"":1050000}"
2021-07-08,10500.00,"Folha Pro-Labore Administrador 7/2021",expense,"Retiradas","fator_r,irpf_2026,simples_nacional","{""massa_salarial_12"":140000,""receita_bruta_12"":1050000}"
2021-07-12,2810.00,"Financiamento Imóvel SAC Parcela 67/120",expense,"Imóveis","sistema_sac,cap_rate,ross_heidecke","{""property_value"":350000,""monthly_rent"":2100,""installment_no"":67,""interest_paid"":810}"
2021-07-18,5000.00,"Aporte Fundo Offshore Swissquote 7/2021",deposit,"Investimentos Externos","fbar,fatca,sankey,monte_carlo","{""jurisdicao_pais"":""Suiça"",""moeda"":""USD""}"
2021-07-14,275.00,"Abastecimento Posto Shell CAR01 (128350 km)",expense,"Frotas & Veículos","cpk,weibull,ubi,tco_vehicle","{""idveiculo"":""CAR01"",""perfil_msrp"":65000,""odometer"":128350}"
2021-07-27,297.00,"Abastecimento Posto Ipiranga CAR01 (129250 km)",expense,"Frotas & Veículos","cpk,weibull,ubi,tco_vehicle","{""idveiculo"":""CAR01"",""perfil_msrp"":65000,""odometer"":129250}"
2021-08-05,90000.00,"Faturamento PME Mensal 8/2021",revenue,"Receita de Vendas","ncg,welford,rolling_margin","{""massa_salarial_12"":140000,""receita_bruta_12"":1080000}"
2021-08-08,10500.00,"Folha Pro-Labore Administrador 8/2021",expense,"Retiradas","fator_r,irpf_2026,simples_nacional","{""massa_salarial_12"":140000,""receita_bruta_12"":1080000}"
2021-08-12,2795.00,"Financiamento Imóvel SAC Parcela 68/120",expense,"Imóveis","sistema_sac,cap_rate,ross_heidecke","{""property_value"":350000,""monthly_rent"":2100,""installment_no"":68,""interest_paid"":795}"
2021-08-18,5000.00,"Aporte Fundo Offshore Swissquote 8/2021",deposit,"Investimentos Externos","fbar,fatca,sankey,monte_carlo","{""jurisdicao_pais"":""Suiça"",""moeda"":""USD""}"
2021-08-14,280.00,"Abastecimento Posto Shell CAR01 (130100 km)",expense,"Frotas & Veículos","cpk,weibull,ubi,tco_vehicle","{""idveiculo"":""CAR01"",""perfil_msrp"":65000,""odometer"":130100}"
2021-08-27,303.00,"Abastecimento Posto Ipiranga CAR01 (131000 km)",expense,"Frotas & Veículos","cpk,weibull,ubi,tco_vehicle","{""idveiculo"":""CAR01"",""perfil_msrp"":65000,""odometer"":131000}"
2021-09-05,85000.00,"Faturamento PME Mensal 9/2021",revenue,"Receita de Vendas","ncg,welford,rolling_margin","{""massa_salarial_12"":140000,""receita_bruta_12"":1020000}"
2021-09-08,10500.00,"Folha Pro-Labore Administrador 9/2021",expense,"Retiradas","fator_r,irpf_2026,simples_nacional","{""massa_salarial_12"":140000,""receita_bruta_12"":1020000}"
2021-09-12,2780.00,"Financiamento Imóvel SAC Parcela 69/120",expense,"Imóveis","sistema_sac,cap_rate,ross_heidecke","{""property_value"":350000,""monthly_rent"":2100,""installment_no"":69,""interest_paid"":780}"
2021-09-18,5000.00,"Aporte Fundo Offshore Swissquote 9/2021",deposit,"Investimentos Externos","fbar,fatca,sankey,monte_carlo","{""jurisdicao_pais"":""Suiça"",""moeda"":""USD""}"
2021-09-14,285.00,"Abastecimento Posto Shell CAR01 (131850 km)",expense,"Frotas & Veículos","cpk,weibull,ubi,tco_vehicle","{""idveiculo"":""CAR01"",""perfil_msrp"":65000,""odometer"":131850}"
2021-09-27,309.00,"Abastecimento Posto Ipiranga CAR01 (132750 km)",expense,"Frotas & Veículos","cpk,weibull,ubi,tco_vehicle","{""idveiculo"":""CAR01"",""perfil_msrp"":65000,""odometer"":132750}"
2021-09-22,5500.00,"Depósito Judicial Trabalhista (ADC 58) Q3/2021",deposit,"Ações Judiciais","taxa_legal,adc_58,simples_nacional","{""data_ajuizamento"":""2020-04-10"",""data_vencimento"":""2021-01-15""}"
2021-10-05,87500.00,"Faturamento PME Mensal 10/2021",revenue,"Receita de Vendas","ncg,welford,rolling_margin","{""massa_salarial_12"":140000,""receita_bruta_12"":1050000}"
2021-10-08,10500.00,"Folha Pro-Labore Administrador 10/2021",expense,"Retiradas","fator_r,irpf_2026,simples_nacional","{""massa_salarial_12"":140000,""receita_bruta_12"":1050000}"
2021-10-12,2765.00,"Financiamento Imóvel SAC Parcela 70/120",expense,"Imóveis","sistema_sac,cap_rate,ross_heidecke","{""property_value"":350000,""monthly_rent"":2100,""installment_no"":70,""interest_paid"":765}"
2021-10-18,5000.00,"Aporte Fundo Offshore Swissquote 10/2021",deposit,"Investimentos Externos","fbar,fatca,sankey,monte_carlo","{""jurisdicao_pais"":""Suiça"",""moeda"":""USD""}"
2021-10-14,290.00,"Abastecimento Posto Shell CAR01 (133600 km)",expense,"Frotas & Veículos","cpk,weibull,ubi,tco_vehicle","{""idveiculo"":""CAR01"",""perfil_msrp"":65000,""odometer"":133600}"
2021-10-27,315.00,"Abastecimento Posto Ipiranga CAR01 (134500 km)",expense,"Frotas & Veículos","cpk,weibull,ubi,tco_vehicle","{""idveiculo"":""CAR01"",""perfil_msrp"":65000,""odometer"":134500}"
2021-11-05,90000.00,"Faturamento PME Mensal 11/2021",revenue,"Receita de Vendas","ncg,welford,rolling_margin","{""massa_salarial_12"":140000,""receita_bruta_12"":1080000}"
2021-11-08,10500.00,"Folha Pro-Labore Administrador 11/2021",expense,"Retiradas","fator_r,irpf_2026,simples_nacional","{""massa_salarial_12"":140000,""receita_bruta_12"":1080000}"
2021-11-12,2750.00,"Financiamento Imóvel SAC Parcela 71/120",expense,"Imóveis","sistema_sac,cap_rate,ross_heidecke","{""property_value"":350000,""monthly_rent"":2100,""installment_no"":71,""interest_paid"":750}"
2021-11-18,5000.00,"Aporte Fundo Offshore Swissquote 11/2021",deposit,"Investimentos Externos","fbar,fatca,sankey,monte_carlo","{""jurisdicao_pais"":""Suiça"",""moeda"":""USD""}"
2021-11-14,295.00,"Abastecimento Posto Shell CAR01 (135350 km)",expense,"Frotas & Veículos","cpk,weibull,ubi,tco_vehicle","{""idveiculo"":""CAR01"",""perfil_msrp"":65000,""odometer"":135350}"
2021-11-27,321.00,"Abastecimento Posto Ipiranga CAR01 (136250 km)",expense,"Frotas & Veículos","cpk,weibull,ubi,tco_vehicle","{""idveiculo"":""CAR01"",""perfil_msrp"":65000,""odometer"":136250}"
2021-12-05,85000.00,"Faturamento PME Mensal 12/2021",revenue,"Receita de Vendas","ncg,welford,rolling_margin","{""massa_salarial_12"":140000,""receita_bruta_12"":1020000}"
2021-12-08,10500.00,"Folha Pro-Labore Administrador 12/2021",expense,"Retiradas","fator_r,irpf_2026,simples_nacional","{""massa_salarial_12"":140000,""receita_bruta_12"":1020000}"
2021-12-12,2735.00,"Financiamento Imóvel SAC Parcela 72/120",expense,"Imóveis","sistema_sac,cap_rate,ross_heidecke","{""property_value"":350000,""monthly_rent"":2100,""installment_no"":72,""interest_paid"":735}"
2021-12-18,5000.00,"Aporte Fundo Offshore Swissquote 12/2021",deposit,"Investimentos Externos","fbar,fatca,sankey,monte_carlo","{""jurisdicao_pais"":""Suiça"",""moeda"":""USD""}"
2021-12-14,300.00,"Abastecimento Posto Shell CAR01 (137100 km)",expense,"Frotas & Veículos","cpk,weibull,ubi,tco_vehicle","{""idveiculo"":""CAR01"",""perfil_msrp"":65000,""odometer"":137100}"
2021-12-27,327.00,"Abastecimento Posto Ipiranga CAR01 (138000 km)",expense,"Frotas & Veículos","cpk,weibull,ubi,tco_vehicle","{""idveiculo"":""CAR01"",""perfil_msrp"":65000,""odometer"":138000}"
2021-12-22,5500.00,"Depósito Judicial Trabalhista (ADC 58) Q4/2021",deposit,"Ações Judiciais","taxa_legal,adc_58,simples_nacional","{""data_ajuizamento"":""2020-04-10"",""data_vencimento"":""2021-01-15""}"
2022-01-05,95500.00,"Faturamento PME Mensal 1/2022",revenue,"Receita de Vendas","ncg,welford,rolling_margin","{""massa_salarial_12"":152000,""receita_bruta_12"":1146000}"
2022-01-08,11400.00,"Folha Pro-Labore Administrador 1/2022",expense,"Retiradas","fator_r,irpf_2026,simples_nacional","{""massa_salarial_12"":152000,""receita_bruta_12"":1146000}"
2022-01-12,2720.00,"Financiamento Imóvel SAC Parcela 73/120",expense,"Imóveis","sistema_sac,cap_rate,ross_heidecke","{""property_value"":350000,""monthly_rent"":2100,""installment_no"":73,""interest_paid"":720}"
2022-01-18,5500.00,"Aporte Fundo Offshore Swissquote 1/2022",deposit,"Investimentos Externos","fbar,fatca,sankey,monte_carlo","{""jurisdicao_pais"":""Suiça"",""moeda"":""USD""}"
2022-01-14,245.00,"Abastecimento Posto Shell CAR01 (138850 km)",expense,"Frotas & Veículos","cpk,weibull,ubi,tco_vehicle","{""idveiculo"":""CAR01"",""perfil_msrp"":65000,""odometer"":138850}"
2022-01-27,261.00,"Abastecimento Posto Ipiranga CAR01 (139750 km)",expense,"Frotas & Veículos","cpk,weibull,ubi,tco_vehicle","{""idveiculo"":""CAR01"",""perfil_msrp"":65000,""odometer"":139750}"
2022-02-05,98000.00,"Faturamento PME Mensal 2/2022",revenue,"Receita de Vendas","ncg,welford,rolling_margin","{""massa_salarial_12"":152000,""receita_bruta_12"":1176000}"
2022-02-08,11400.00,"Folha Pro-Labore Administrador 2/2022",expense,"Retiradas","fator_r,irpf_2026,simples_nacional","{""massa_salarial_12"":152000,""receita_bruta_12"":1176000}"
2022-02-12,2705.00,"Financiamento Imóvel SAC Parcela 74/120",expense,"Imóveis","sistema_sac,cap_rate,ross_heidecke","{""property_value"":350000,""monthly_rent"":2100,""installment_no"":74,""interest_paid"":705}"
2022-02-18,5500.00,"Aporte Fundo Offshore Swissquote 2/2022",deposit,"Investimentos Externos","fbar,fatca,sankey,monte_carlo","{""jurisdicao_pais"":""Suiça"",""moeda"":""USD""}"
2022-02-14,250.00,"Abastecimento Posto Shell CAR01 (140600 km)",expense,"Frotas & Veículos","cpk,weibull,ubi,tco_vehicle","{""idveiculo"":""CAR01"",""perfil_msrp"":65000,""odometer"":140600}"
2022-02-27,267.00,"Abastecimento Posto Ipiranga CAR01 (141500 km)",expense,"Frotas & Veículos","cpk,weibull,ubi,tco_vehicle","{""idveiculo"":""CAR01"",""perfil_msrp"":65000,""odometer"":141500}"
2022-03-05,93000.00,"Faturamento PME Mensal 3/2022",revenue,"Receita de Vendas","ncg,welford,rolling_margin","{""massa_salarial_12"":152000,""receita_bruta_12"":1116000}"
2022-03-08,11400.00,"Folha Pro-Labore Administrador 3/2022",expense,"Retiradas","fator_r,irpf_2026,simples_nacional","{""massa_salarial_12"":152000,""receita_bruta_12"":1116000}"
2022-03-12,2690.00,"Financiamento Imóvel SAC Parcela 75/120",expense,"Imóveis","sistema_sac,cap_rate,ross_heidecke","{""property_value"":350000,""monthly_rent"":2100,""installment_no"":75,""interest_paid"":690}"
2022-03-18,5500.00,"Aporte Fundo Offshore Swissquote 3/2022",deposit,"Investimentos Externos","fbar,fatca,sankey,monte_carlo","{""jurisdicao_pais"":""Suiça"",""moeda"":""USD""}"
2022-03-14,255.00,"Abastecimento Posto Shell CAR01 (142350 km)",expense,"Frotas & Veículos","cpk,weibull,ubi,tco_vehicle","{""idveiculo"":""CAR01"",""perfil_msrp"":65000,""odometer"":142350}"
2022-03-27,273.00,"Abastecimento Posto Ipiranga CAR01 (143250 km)",expense,"Frotas & Veículos","cpk,weibull,ubi,tco_vehicle","{""idveiculo"":""CAR01"",""perfil_msrp"":65000,""odometer"":143250}"
2022-03-22,5900.00,"Depósito Judicial Trabalhista (ADC 58) Q1/2022",deposit,"Ações Judiciais","taxa_legal,adc_58,simples_nacional","{""data_ajuizamento"":""2021-04-10"",""data_vencimento"":""2022-01-15""}"
2022-04-05,95500.00,"Faturamento PME Mensal 4/2022",revenue,"Receita de Vendas","ncg,welford,rolling_margin","{""massa_salarial_12"":152000,""receita_bruta_12"":1146000}"
2022-04-08,11400.00,"Folha Pro-Labore Administrador 4/2022",expense,"Retiradas","fator_r,irpf_2026,simples_nacional","{""massa_salarial_12"":152000,""receita_bruta_12"":1146000}"
2022-04-12,2675.00,"Financiamento Imóvel SAC Parcela 76/120",expense,"Imóveis","sistema_sac,cap_rate,ross_heidecke","{""property_value"":350000,""monthly_rent"":2100,""installment_no"":76,""interest_paid"":675}"
2022-04-18,5500.00,"Aporte Fundo Offshore Swissquote 4/2022",deposit,"Investimentos Externos","fbar,fatca,sankey,monte_carlo","{""jurisdicao_pais"":""Suiça"",""moeda"":""USD""}"
2022-04-14,260.00,"Abastecimento Posto Shell CAR01 (144100 km)",expense,"Frotas & Veículos","cpk,weibull,ubi,tco_vehicle","{""idveiculo"":""CAR01"",""perfil_msrp"":65000,""odometer"":144100}"
2022-04-27,279.00,"Abastecimento Posto Ipiranga CAR01 (145000 km)",expense,"Frotas & Veículos","cpk,weibull,ubi,tco_vehicle","{""idveiculo"":""CAR01"",""perfil_msrp"":65000,""odometer"":145000}"
2022-05-05,98000.00,"Faturamento PME Mensal 5/2022",revenue,"Receita de Vendas","ncg,welford,rolling_margin","{""massa_salarial_12"":152000,""receita_bruta_12"":1176000}"
2022-05-08,11400.00,"Folha Pro-Labore Administrador 5/2022",expense,"Retiradas","fator_r,irpf_2026,simples_nacional","{""massa_salarial_12"":152000,""receita_bruta_12"":1176000}"
2022-05-12,2660.00,"Financiamento Imóvel SAC Parcela 77/120",expense,"Imóveis","sistema_sac,cap_rate,ross_heidecke","{""property_value"":350000,""monthly_rent"":2100,""installment_no"":77,""interest_paid"":660}"
2022-05-18,5500.00,"Aporte Fundo Offshore Swissquote 5/2022",deposit,"Investimentos Externos","fbar,fatca,sankey,monte_carlo","{""jurisdicao_pais"":""Suiça"",""moeda"":""USD""}"
2022-05-14,265.00,"Abastecimento Posto Shell CAR01 (145850 km)",expense,"Frotas & Veículos","cpk,weibull,ubi,tco_vehicle","{""idveiculo"":""CAR01"",""perfil_msrp"":65000,""odometer"":145850}"
2022-05-27,285.00,"Abastecimento Posto Ipiranga CAR01 (146750 km)",expense,"Frotas & Veículos","cpk,weibull,ubi,tco_vehicle","{""idveiculo"":""CAR01"",""perfil_msrp"":65000,""odometer"":146750}"
2022-06-05,93000.00,"Faturamento PME Mensal 6/2022",revenue,"Receita de Vendas","ncg,welford,rolling_margin","{""massa_salarial_12"":152000,""receita_bruta_12"":1116000}"
2022-06-08,11400.00,"Folha Pro-Labore Administrador 6/2022",expense,"Retiradas","fator_r,irpf_2026,simples_nacional","{""massa_salarial_12"":152000,""receita_bruta_12"":1116000}"
2022-06-12,2645.00,"Financiamento Imóvel SAC Parcela 78/120",expense,"Imóveis","sistema_sac,cap_rate,ross_heidecke","{""property_value"":350000,""monthly_rent"":2100,""installment_no"":78,""interest_paid"":645}"
2022-06-18,5500.00,"Aporte Fundo Offshore Swissquote 6/2022",deposit,"Investimentos Externos","fbar,fatca,sankey,monte_carlo","{""jurisdicao_pais"":""Suiça"",""moeda"":""USD""}"
2022-06-14,270.00,"Abastecimento Posto Shell CAR01 (147600 km)",expense,"Frotas & Veículos","cpk,weibull,ubi,tco_vehicle","{""idveiculo"":""CAR01"",""perfil_msrp"":65000,""odometer"":147600}"
2022-06-27,291.00,"Abastecimento Posto Ipiranga CAR01 (148500 km)",expense,"Frotas & Veículos","cpk,weibull,ubi,tco_vehicle","{""idveiculo"":""CAR01"",""perfil_msrp"":65000,""odometer"":148500}"
2022-06-22,5900.00,"Depósito Judicial Trabalhista (ADC 58) Q2/2022",deposit,"Ações Judiciais","taxa_legal,adc_58,simples_nacional","{""data_ajuizamento"":""2021-04-10"",""data_vencimento"":""2022-01-15""}"
2022-07-05,95500.00,"Faturamento PME Mensal 7/2022",revenue,"Receita de Vendas","ncg,welford,rolling_margin","{""massa_salarial_12"":152000,""receita_bruta_12"":1146000}"
2022-07-08,11400.00,"Folha Pro-Labore Administrador 7/2022",expense,"Retiradas","fator_r,irpf_2026,simples_nacional","{""massa_salarial_12"":152000,""receita_bruta_12"":1146000}"
2022-07-12,2630.00,"Financiamento Imóvel SAC Parcela 79/120",expense,"Imóveis","sistema_sac,cap_rate,ross_heidecke","{""property_value"":350000,""monthly_rent"":2100,""installment_no"":79,""interest_paid"":630}"
2022-07-18,5500.00,"Aporte Fundo Offshore Swissquote 7/2022",deposit,"Investimentos Externos","fbar,fatca,sankey,monte_carlo","{""jurisdicao_pais"":""Suiça"",""moeda"":""USD""}"
2022-07-14,275.00,"Abastecimento Posto Shell CAR01 (149350 km)",expense,"Frotas & Veículos","cpk,weibull,ubi,tco_vehicle","{""idveiculo"":""CAR01"",""perfil_msrp"":65000,""odometer"":149350}"
2022-07-27,297.00,"Abastecimento Posto Ipiranga CAR01 (150250 km)",expense,"Frotas & Veículos","cpk,weibull,ubi,tco_vehicle","{""idveiculo"":""CAR01"",""perfil_msrp"":65000,""odometer"":150250}"
2022-08-05,98000.00,"Faturamento PME Mensal 8/2022",revenue,"Receita de Vendas","ncg,welford,rolling_margin","{""massa_salarial_12"":152000,""receita_bruta_12"":1176000}"
2022-08-08,11400.00,"Folha Pro-Labore Administrador 8/2022",expense,"Retiradas","fator_r,irpf_2026,simples_nacional","{""massa_salarial_12"":152000,""receita_bruta_12"":1176000}"
2022-08-12,2615.00,"Financiamento Imóvel SAC Parcela 80/120",expense,"Imóveis","sistema_sac,cap_rate,ross_heidecke","{""property_value"":350000,""monthly_rent"":2100,""installment_no"":80,""interest_paid"":615}"
2022-08-18,5500.00,"Aporte Fundo Offshore Swissquote 8/2022",deposit,"Investimentos Externos","fbar,fatca,sankey,monte_carlo","{""jurisdicao_pais"":""Suiça"",""moeda"":""USD""}"
2022-08-14,280.00,"Abastecimento Posto Shell CAR01 (151100 km)",expense,"Frotas & Veículos","cpk,weibull,ubi,tco_vehicle","{""idveiculo"":""CAR01"",""perfil_msrp"":65000,""odometer"":151100}"
2022-08-27,303.00,"Abastecimento Posto Ipiranga CAR01 (152000 km)",expense,"Frotas & Veículos","cpk,weibull,ubi,tco_vehicle","{""idveiculo"":""CAR01"",""perfil_msrp"":65000,""odometer"":152000}"
2022-09-05,93000.00,"Faturamento PME Mensal 9/2022",revenue,"Receita de Vendas","ncg,welford,rolling_margin","{""massa_salarial_12"":152000,""receita_bruta_12"":1116000}"
2022-09-08,11400.00,"Folha Pro-Labore Administrador 9/2022",expense,"Retiradas","fator_r,irpf_2026,simples_nacional","{""massa_salarial_12"":152000,""receita_bruta_12"":1116000}"
2022-09-12,2600.00,"Financiamento Imóvel SAC Parcela 81/120",expense,"Imóveis","sistema_sac,cap_rate,ross_heidecke","{""property_value"":350000,""monthly_rent"":2100,""installment_no"":81,""interest_paid"":600}"
2022-09-18,5500.00,"Aporte Fundo Offshore Swissquote 9/2022",deposit,"Investimentos Externos","fbar,fatca,sankey,monte_carlo","{""jurisdicao_pais"":""Suiça"",""moeda"":""USD""}"
2022-09-14,285.00,"Abastecimento Posto Shell CAR01 (152850 km)",expense,"Frotas & Veículos","cpk,weibull,ubi,tco_vehicle","{""idveiculo"":""CAR01"",""perfil_msrp"":65000,""odometer"":152850}"
2022-09-27,309.00,"Abastecimento Posto Ipiranga CAR01 (153750 km)",expense,"Frotas & Veículos","cpk,weibull,ubi,tco_vehicle","{""idveiculo"":""CAR01"",""perfil_msrp"":65000,""odometer"":153750}"
2022-09-22,5900.00,"Depósito Judicial Trabalhista (ADC 58) Q3/2022",deposit,"Ações Judiciais","taxa_legal,adc_58,simples_nacional","{""data_ajuizamento"":""2021-04-10"",""data_vencimento"":""2022-01-15""}"
2022-10-05,95500.00,"Faturamento PME Mensal 10/2022",revenue,"Receita de Vendas","ncg,welford,rolling_margin","{""massa_salarial_12"":152000,""receita_bruta_12"":1146000}"
2022-10-08,11400.00,"Folha Pro-Labore Administrador 10/2022",expense,"Retiradas","fator_r,irpf_2026,simples_nacional","{""massa_salarial_12"":152000,""receita_bruta_12"":1146000}"
2022-10-12,2585.00,"Financiamento Imóvel SAC Parcela 82/120",expense,"Imóveis","sistema_sac,cap_rate,ross_heidecke","{""property_value"":350000,""monthly_rent"":2100,""installment_no"":82,""interest_paid"":585}"
2022-10-18,5500.00,"Aporte Fundo Offshore Swissquote 10/2022",deposit,"Investimentos Externos","fbar,fatca,sankey,monte_carlo","{""jurisdicao_pais"":""Suiça"",""moeda"":""USD""}"
2022-10-14,290.00,"Abastecimento Posto Shell CAR01 (154600 km)",expense,"Frotas & Veículos","cpk,weibull,ubi,tco_vehicle","{""idveiculo"":""CAR01"",""perfil_msrp"":65000,""odometer"":154600}"
2022-10-27,315.00,"Abastecimento Posto Ipiranga CAR01 (155500 km)",expense,"Frotas & Veículos","cpk,weibull,ubi,tco_vehicle","{""idveiculo"":""CAR01"",""perfil_msrp"":65000,""odometer"":155500}"
2022-11-05,98000.00,"Faturamento PME Mensal 11/2022",revenue,"Receita de Vendas","ncg,welford,rolling_margin","{""massa_salarial_12"":152000,""receita_bruta_12"":1176000}"
2022-11-08,11400.00,"Folha Pro-Labore Administrador 11/2022",expense,"Retiradas","fator_r,irpf_2026,simples_nacional","{""massa_salarial_12"":152000,""receita_bruta_12"":1176000}"
2022-11-12,2570.00,"Financiamento Imóvel SAC Parcela 83/120",expense,"Imóveis","sistema_sac,cap_rate,ross_heidecke","{""property_value"":350000,""monthly_rent"":2100,""installment_no"":83,""interest_paid"":570}"
2022-11-18,5500.00,"Aporte Fundo Offshore Swissquote 11/2022",deposit,"Investimentos Externos","fbar,fatca,sankey,monte_carlo","{""jurisdicao_pais"":""Suiça"",""moeda"":""USD""}"
2022-11-14,295.00,"Abastecimento Posto Shell CAR01 (156350 km)",expense,"Frotas & Veículos","cpk,weibull,ubi,tco_vehicle","{""idveiculo"":""CAR01"",""perfil_msrp"":65000,""odometer"":156350}"
2022-11-27,321.00,"Abastecimento Posto Ipiranga CAR01 (157250 km)",expense,"Frotas & Veículos","cpk,weibull,ubi,tco_vehicle","{""idveiculo"":""CAR01"",""perfil_msrp"":65000,""odometer"":157250}"
2022-12-05,93000.00,"Faturamento PME Mensal 12/2022",revenue,"Receita de Vendas","ncg,welford,rolling_margin","{""massa_salarial_12"":152000,""receita_bruta_12"":1116000}"
2022-12-08,11400.00,"Folha Pro-Labore Administrador 12/2022",expense,"Retiradas","fator_r,irpf_2026,simples_nacional","{""massa_salarial_12"":152000,""receita_bruta_12"":1116000}"
2022-12-12,2555.00,"Financiamento Imóvel SAC Parcela 84/120",expense,"Imóveis","sistema_sac,cap_rate,ross_heidecke","{""property_value"":350000,""monthly_rent"":2100,""installment_no"":84,""interest_paid"":555}"
2022-12-18,5500.00,"Aporte Fundo Offshore Swissquote 12/2022",deposit,"Investimentos Externos","fbar,fatca,sankey,monte_carlo","{""jurisdicao_pais"":""Suiça"",""moeda"":""USD""}"
2022-12-14,300.00,"Abastecimento Posto Shell CAR01 (158100 km)",expense,"Frotas & Veículos","cpk,weibull,ubi,tco_vehicle","{""idveiculo"":""CAR01"",""perfil_msrp"":65000,""odometer"":158100}"
2022-12-27,327.00,"Abastecimento Posto Ipiranga CAR01 (159000 km)",expense,"Frotas & Veículos","cpk,weibull,ubi,tco_vehicle","{""idveiculo"":""CAR01"",""perfil_msrp"":65000,""odometer"":159000}"
2022-12-22,5900.00,"Depósito Judicial Trabalhista (ADC 58) Q4/2022",deposit,"Ações Judiciais","taxa_legal,adc_58,simples_nacional","{""data_ajuizamento"":""2021-04-10"",""data_vencimento"":""2022-01-15""}"
2023-01-05,103500.00,"Faturamento PME Mensal 1/2023",revenue,"Receita de Vendas","ncg,welford,rolling_margin","{""massa_salarial_12"":164000,""receita_bruta_12"":1242000}"
2023-01-08,12300.00,"Folha Pro-Labore Administrador 1/2023",expense,"Retiradas","fator_r,irpf_2026,simples_nacional","{""massa_salarial_12"":164000,""receita_bruta_12"":1242000}"
2023-01-12,2540.00,"Financiamento Imóvel SAC Parcela 85/120",expense,"Imóveis","sistema_sac,cap_rate,ross_heidecke","{""property_value"":350000,""monthly_rent"":2100,""installment_no"":85,""interest_paid"":540}"
2023-01-18,6000.00,"Aporte Fundo Offshore Swissquote 1/2023",deposit,"Investimentos Externos","fbar,fatca,sankey,monte_carlo","{""jurisdicao_pais"":""Suiça"",""moeda"":""USD""}"
2023-01-14,245.00,"Abastecimento Posto Shell CAR01 (159850 km)",expense,"Frotas & Veículos","cpk,weibull,ubi,tco_vehicle","{""idveiculo"":""CAR01"",""perfil_msrp"":65000,""odometer"":159850}"
2023-01-27,261.00,"Abastecimento Posto Ipiranga CAR01 (160750 km)",expense,"Frotas & Veículos","cpk,weibull,ubi,tco_vehicle","{""idveiculo"":""CAR01"",""perfil_msrp"":65000,""odometer"":160750}"
2023-02-05,106000.00,"Faturamento PME Mensal 2/2023",revenue,"Receita de Vendas","ncg,welford,rolling_margin","{""massa_salarial_12"":164000,""receita_bruta_12"":1272000}"
2023-02-08,12300.00,"Folha Pro-Labore Administrador 2/2023",expense,"Retiradas","fator_r,irpf_2026,simples_nacional","{""massa_salarial_12"":164000,""receita_bruta_12"":1272000}"
2023-02-12,2525.00,"Financiamento Imóvel SAC Parcela 86/120",expense,"Imóveis","sistema_sac,cap_rate,ross_heidecke","{""property_value"":350000,""monthly_rent"":2100,""installment_no"":86,""interest_paid"":525}"
2023-02-18,6000.00,"Aporte Fundo Offshore Swissquote 2/2023",deposit,"Investimentos Externos","fbar,fatca,sankey,monte_carlo","{""jurisdicao_pais"":""Suiça"",""moeda"":""USD""}"
2023-02-14,250.00,"Abastecimento Posto Shell CAR01 (161600 km)",expense,"Frotas & Veículos","cpk,weibull,ubi,tco_vehicle","{""idveiculo"":""CAR01"",""perfil_msrp"":65000,""odometer"":161600}"
2023-02-27,267.00,"Abastecimento Posto Ipiranga CAR01 (162500 km)",expense,"Frotas & Veículos","cpk,weibull,ubi,tco_vehicle","{""idveiculo"":""CAR01"",""perfil_msrp"":65000,""odometer"":162500}"
2023-03-05,101000.00,"Faturamento PME Mensal 3/2023",revenue,"Receita de Vendas","ncg,welford,rolling_margin","{""massa_salarial_12"":164000,""receita_bruta_12"":1212000}"
2023-03-08,12300.00,"Folha Pro-Labore Administrador 3/2023",expense,"Retiradas","fator_r,irpf_2026,simples_nacional","{""massa_salarial_12"":164000,""receita_bruta_12"":1212000}"
2023-03-12,2510.00,"Financiamento Imóvel SAC Parcela 87/120",expense,"Imóveis","sistema_sac,cap_rate,ross_heidecke","{""property_value"":350000,""monthly_rent"":2100,""installment_no"":87,""interest_paid"":510}"
2023-03-18,6000.00,"Aporte Fundo Offshore Swissquote 3/2023",deposit,"Investimentos Externos","fbar,fatca,sankey,monte_carlo","{""jurisdicao_pais"":""Suiça"",""moeda"":""USD""}"
2023-03-14,255.00,"Abastecimento Posto Shell CAR01 (163350 km)",expense,"Frotas & Veículos","cpk,weibull,ubi,tco_vehicle","{""idveiculo"":""CAR01"",""perfil_msrp"":65000,""odometer"":163350}"
2023-03-27,273.00,"Abastecimento Posto Ipiranga CAR01 (164250 km)",expense,"Frotas & Veículos","cpk,weibull,ubi,tco_vehicle","{""idveiculo"":""CAR01"",""perfil_msrp"":65000,""odometer"":164250}"
2023-03-22,6300.00,"Depósito Judicial Trabalhista (ADC 58) Q1/2023",deposit,"Ações Judiciais","taxa_legal,adc_58,simples_nacional","{""data_ajuizamento"":""2022-04-10"",""data_vencimento"":""2023-01-15""}"
2023-04-05,103500.00,"Faturamento PME Mensal 4/2023",revenue,"Receita de Vendas","ncg,welford,rolling_margin","{""massa_salarial_12"":164000,""receita_bruta_12"":1242000}"
2023-04-08,12300.00,"Folha Pro-Labore Administrador 4/2023",expense,"Retiradas","fator_r,irpf_2026,simples_nacional","{""massa_salarial_12"":164000,""receita_bruta_12"":1242000}"
2023-04-12,2495.00,"Financiamento Imóvel SAC Parcela 88/120",expense,"Imóveis","sistema_sac,cap_rate,ross_heidecke","{""property_value"":350000,""monthly_rent"":2100,""installment_no"":88,""interest_paid"":495}"
2023-04-18,6000.00,"Aporte Fundo Offshore Swissquote 4/2023",deposit,"Investimentos Externos","fbar,fatca,sankey,monte_carlo","{""jurisdicao_pais"":""Suiça"",""moeda"":""USD""}"
2023-04-14,260.00,"Abastecimento Posto Shell CAR01 (165100 km)",expense,"Frotas & Veículos","cpk,weibull,ubi,tco_vehicle","{""idveiculo"":""CAR01"",""perfil_msrp"":65000,""odometer"":165100}"
2023-04-27,279.00,"Abastecimento Posto Ipiranga CAR01 (166000 km)",expense,"Frotas & Veículos","cpk,weibull,ubi,tco_vehicle","{""idveiculo"":""CAR01"",""perfil_msrp"":65000,""odometer"":166000}"
2023-05-05,106000.00,"Faturamento PME Mensal 5/2023",revenue,"Receita de Vendas","ncg,welford,rolling_margin","{""massa_salarial_12"":164000,""receita_bruta_12"":1272000}"
2023-05-08,12300.00,"Folha Pro-Labore Administrador 5/2023",expense,"Retiradas","fator_r,irpf_2026,simples_nacional","{""massa_salarial_12"":164000,""receita_bruta_12"":1272000}"
2023-05-12,2480.00,"Financiamento Imóvel SAC Parcela 89/120",expense,"Imóveis","sistema_sac,cap_rate,ross_heidecke","{""property_value"":350000,""monthly_rent"":2100,""installment_no"":89,""interest_paid"":480}"
2023-05-18,6000.00,"Aporte Fundo Offshore Swissquote 5/2023",deposit,"Investimentos Externos","fbar,fatca,sankey,monte_carlo","{""jurisdicao_pais"":""Suiça"",""moeda"":""USD""}"
2023-05-14,265.00,"Abastecimento Posto Shell CAR01 (166850 km)",expense,"Frotas & Veículos","cpk,weibull,ubi,tco_vehicle","{""idveiculo"":""CAR01"",""perfil_msrp"":65000,""odometer"":166850}"
2023-05-27,285.00,"Abastecimento Posto Ipiranga CAR01 (167750 km)",expense,"Frotas & Veículos","cpk,weibull,ubi,tco_vehicle","{""idveiculo"":""CAR01"",""perfil_msrp"":65000,""odometer"":167750}"
2023-06-05,101000.00,"Faturamento PME Mensal 6/2023",revenue,"Receita de Vendas","ncg,welford,rolling_margin","{""massa_salarial_12"":164000,""receita_bruta_12"":1212000}"
2023-06-08,12300.00,"Folha Pro-Labore Administrador 6/2023",expense,"Retiradas","fator_r,irpf_2026,simples_nacional","{""massa_salarial_12"":164000,""receita_bruta_12"":1212000}"
2023-06-12,2465.00,"Financiamento Imóvel SAC Parcela 90/120",expense,"Imóveis","sistema_sac,cap_rate,ross_heidecke","{""property_value"":350000,""monthly_rent"":2100,""installment_no"":90,""interest_paid"":465}"
2023-06-18,6000.00,"Aporte Fundo Offshore Swissquote 6/2023",deposit,"Investimentos Externos","fbar,fatca,sankey,monte_carlo","{""jurisdicao_pais"":""Suiça"",""moeda"":""USD""}"
2023-06-14,270.00,"Abastecimento Posto Shell CAR01 (168600 km)",expense,"Frotas & Veículos","cpk,weibull,ubi,tco_vehicle","{""idveiculo"":""CAR01"",""perfil_msrp"":65000,""odometer"":168600}"
2023-06-27,291.00,"Abastecimento Posto Ipiranga CAR01 (169500 km)",expense,"Frotas & Veículos","cpk,weibull,ubi,tco_vehicle","{""idveiculo"":""CAR01"",""perfil_msrp"":65000,""odometer"":169500}"
2023-06-22,6300.00,"Depósito Judicial Trabalhista (ADC 58) Q2/2023",deposit,"Ações Judiciais","taxa_legal,adc_58,simples_nacional","{""data_ajuizamento"":""2022-04-10"",""data_vencimento"":""2023-01-15""}"
2023-07-05,103500.00,"Faturamento PME Mensal 7/2023",revenue,"Receita de Vendas","ncg,welford,rolling_margin","{""massa_salarial_12"":164000,""receita_bruta_12"":1242000}"
2023-07-08,12300.00,"Folha Pro-Labore Administrador 7/2023",expense,"Retiradas","fator_r,irpf_2026,simples_nacional","{""massa_salarial_12"":164000,""receita_bruta_12"":1242000}"
2023-07-12,2450.00,"Financiamento Imóvel SAC Parcela 91/120",expense,"Imóveis","sistema_sac,cap_rate,ross_heidecke","{""property_value"":350000,""monthly_rent"":2100,""installment_no"":91,""interest_paid"":450}"
2023-07-18,6000.00,"Aporte Fundo Offshore Swissquote 7/2023",deposit,"Investimentos Externos","fbar,fatca,sankey,monte_carlo","{""jurisdicao_pais"":""Suiça"",""moeda"":""USD""}"
2023-07-14,275.00,"Abastecimento Posto Shell CAR01 (170350 km)",expense,"Frotas & Veículos","cpk,weibull,ubi,tco_vehicle","{""idveiculo"":""CAR01"",""perfil_msrp"":65000,""odometer"":170350}"
2023-07-27,297.00,"Abastecimento Posto Ipiranga CAR01 (171250 km)",expense,"Frotas & Veículos","cpk,weibull,ubi,tco_vehicle","{""idveiculo"":""CAR01"",""perfil_msrp"":65000,""odometer"":171250}"
2023-08-05,106000.00,"Faturamento PME Mensal 8/2023",revenue,"Receita de Vendas","ncg,welford,rolling_margin","{""massa_salarial_12"":164000,""receita_bruta_12"":1272000}"
2023-08-08,12300.00,"Folha Pro-Labore Administrador 8/2023",expense,"Retiradas","fator_r,irpf_2026,simples_nacional","{""massa_salarial_12"":164000,""receita_bruta_12"":1272000}"
2023-08-12,2435.00,"Financiamento Imóvel SAC Parcela 92/120",expense,"Imóveis","sistema_sac,cap_rate,ross_heidecke","{""property_value"":350000,""monthly_rent"":2100,""installment_no"":92,""interest_paid"":435}"
2023-08-18,6000.00,"Aporte Fundo Offshore Swissquote 8/2023",deposit,"Investimentos Externos","fbar,fatca,sankey,monte_carlo","{""jurisdicao_pais"":""Suiça"",""moeda"":""USD""}"
2023-08-14,280.00,"Abastecimento Posto Shell CAR01 (172100 km)",expense,"Frotas & Veículos","cpk,weibull,ubi,tco_vehicle","{""idveiculo"":""CAR01"",""perfil_msrp"":65000,""odometer"":172100}"
2023-08-27,303.00,"Abastecimento Posto Ipiranga CAR01 (173000 km)",expense,"Frotas & Veículos","cpk,weibull,ubi,tco_vehicle","{""idveiculo"":""CAR01"",""perfil_msrp"":65000,""odometer"":173000}"
2023-09-05,101000.00,"Faturamento PME Mensal 9/2023",revenue,"Receita de Vendas","ncg,welford,rolling_margin","{""massa_salarial_12"":164000,""receita_bruta_12"":1212000}"
2023-09-08,12300.00,"Folha Pro-Labore Administrador 9/2023",expense,"Retiradas","fator_r,irpf_2026,simples_nacional","{""massa_salarial_12"":164000,""receita_bruta_12"":1212000}"
2023-09-12,2420.00,"Financiamento Imóvel SAC Parcela 93/120",expense,"Imóveis","sistema_sac,cap_rate,ross_heidecke","{""property_value"":350000,""monthly_rent"":2100,""installment_no"":93,""interest_paid"":420}"
2023-09-18,6000.00,"Aporte Fundo Offshore Swissquote 9/2023",deposit,"Investimentos Externos","fbar,fatca,sankey,monte_carlo","{""jurisdicao_pais"":""Suiça"",""moeda"":""USD""}"
2023-09-14,285.00,"Abastecimento Posto Shell CAR01 (173850 km)",expense,"Frotas & Veículos","cpk,weibull,ubi,tco_vehicle","{""idveiculo"":""CAR01"",""perfil_msrp"":65000,""odometer"":173850}"
2023-09-27,309.00,"Abastecimento Posto Ipiranga CAR01 (174750 km)",expense,"Frotas & Veículos","cpk,weibull,ubi,tco_vehicle","{""idveiculo"":""CAR01"",""perfil_msrp"":65000,""odometer"":174750}"
2023-09-22,6300.00,"Depósito Judicial Trabalhista (ADC 58) Q3/2023",deposit,"Ações Judiciais","taxa_legal,adc_58,simples_nacional","{""data_ajuizamento"":""2022-04-10"",""data_vencimento"":""2023-01-15""}"
2023-10-05,103500.00,"Faturamento PME Mensal 10/2023",revenue,"Receita de Vendas","ncg,welford,rolling_margin","{""massa_salarial_12"":164000,""receita_bruta_12"":1242000}"
2023-10-08,12300.00,"Folha Pro-Labore Administrador 10/2023",expense,"Retiradas","fator_r,irpf_2026,simples_nacional","{""massa_salarial_12"":164000,""receita_bruta_12"":1242000}"
2023-10-12,2405.00,"Financiamento Imóvel SAC Parcela 94/120",expense,"Imóveis","sistema_sac,cap_rate,ross_heidecke","{""property_value"":350000,""monthly_rent"":2100,""installment_no"":94,""interest_paid"":405}"
2023-10-18,6000.00,"Aporte Fundo Offshore Swissquote 10/2023",deposit,"Investimentos Externos","fbar,fatca,sankey,monte_carlo","{""jurisdicao_pais"":""Suiça"",""moeda"":""USD""}"
2023-10-14,290.00,"Abastecimento Posto Shell CAR01 (175600 km)",expense,"Frotas & Veículos","cpk,weibull,ubi,tco_vehicle","{""idveiculo"":""CAR01"",""perfil_msrp"":65000,""odometer"":175600}"
2023-10-27,315.00,"Abastecimento Posto Ipiranga CAR01 (176500 km)",expense,"Frotas & Veículos","cpk,weibull,ubi,tco_vehicle","{""idveiculo"":""CAR01"",""perfil_msrp"":65000,""odometer"":176500}"
2023-11-05,106000.00,"Faturamento PME Mensal 11/2023",revenue,"Receita de Vendas","ncg,welford,rolling_margin","{""massa_salarial_12"":164000,""receita_bruta_12"":1272000}"
2023-11-08,12300.00,"Folha Pro-Labore Administrador 11/2023",expense,"Retiradas","fator_r,irpf_2026,simples_nacional","{""massa_salarial_12"":164000,""receita_bruta_12"":1272000}"
2023-11-12,2390.00,"Financiamento Imóvel SAC Parcela 95/120",expense,"Imóveis","sistema_sac,cap_rate,ross_heidecke","{""property_value"":350000,""monthly_rent"":2100,""installment_no"":95,""interest_paid"":390}"
2023-11-18,6000.00,"Aporte Fundo Offshore Swissquote 11/2023",deposit,"Investimentos Externos","fbar,fatca,sankey,monte_carlo","{""jurisdicao_pais"":""Suiça"",""moeda"":""USD""}"
2023-11-14,295.00,"Abastecimento Posto Shell CAR01 (177350 km)",expense,"Frotas & Veículos","cpk,weibull,ubi,tco_vehicle","{""idveiculo"":""CAR01"",""perfil_msrp"":65000,""odometer"":177350}"
2023-11-27,321.00,"Abastecimento Posto Ipiranga CAR01 (178250 km)",expense,"Frotas & Veículos","cpk,weibull,ubi,tco_vehicle","{""idveiculo"":""CAR01"",""perfil_msrp"":65000,""odometer"":178250}"
2023-12-05,101000.00,"Faturamento PME Mensal 12/2023",revenue,"Receita de Vendas","ncg,welford,rolling_margin","{""massa_salarial_12"":164000,""receita_bruta_12"":1212000}"
2023-12-08,12300.00,"Folha Pro-Labore Administrador 12/2023",expense,"Retiradas","fator_r,irpf_2026,simples_nacional","{""massa_salarial_12"":164000,""receita_bruta_12"":1212000}"
2023-12-12,2375.00,"Financiamento Imóvel SAC Parcela 96/120",expense,"Imóveis","sistema_sac,cap_rate,ross_heidecke","{""property_value"":350000,""monthly_rent"":2100,""installment_no"":96,""interest_paid"":375}"
2023-12-18,6000.00,"Aporte Fundo Offshore Swissquote 12/2023",deposit,"Investimentos Externos","fbar,fatca,sankey,monte_carlo","{""jurisdicao_pais"":""Suiça"",""moeda"":""USD""}"
2023-12-14,300.00,"Abastecimento Posto Shell CAR01 (179100 km)",expense,"Frotas & Veículos","cpk,weibull,ubi,tco_vehicle","{""idveiculo"":""CAR01"",""perfil_msrp"":65000,""odometer"":179100}"
2023-12-27,327.00,"Abastecimento Posto Ipiranga CAR01 (180000 km)",expense,"Frotas & Veículos","cpk,weibull,ubi,tco_vehicle","{""idveiculo"":""CAR01"",""perfil_msrp"":65000,""odometer"":180000}"
2023-12-22,6300.00,"Depósito Judicial Trabalhista (ADC 58) Q4/2023",deposit,"Ações Judiciais","taxa_legal,adc_58,simples_nacional","{""data_ajuizamento"":""2022-04-10"",""data_vencimento"":""2023-01-15""}"
2024-01-05,111500.00,"Faturamento PME Mensal 1/2024",revenue,"Receita de Vendas","ncg,welford,rolling_margin","{""massa_salarial_12"":176000,""receita_bruta_12"":1338000}"
2024-01-08,13200.00,"Folha Pro-Labore Administrador 1/2024",expense,"Retiradas","fator_r,irpf_2026,simples_nacional","{""massa_salarial_12"":176000,""receita_bruta_12"":1338000}"
2024-01-12,2360.00,"Financiamento Imóvel SAC Parcela 97/120",expense,"Imóveis","sistema_sac,cap_rate,ross_heidecke","{""property_value"":350000,""monthly_rent"":2100,""installment_no"":97,""interest_paid"":360}"
2024-01-18,6500.00,"Aporte Fundo Offshore Swissquote 1/2024",deposit,"Investimentos Externos","fbar,fatca,sankey,monte_carlo","{""jurisdicao_pais"":""Suiça"",""moeda"":""USD""}"
2024-01-14,245.00,"Abastecimento Posto Shell CAR01 (180850 km)",expense,"Frotas & Veículos","cpk,weibull,ubi,tco_vehicle","{""idveiculo"":""CAR01"",""perfil_msrp"":65000,""odometer"":180850}"
2024-01-27,261.00,"Abastecimento Posto Ipiranga CAR01 (181750 km)",expense,"Frotas & Veículos","cpk,weibull,ubi,tco_vehicle","{""idveiculo"":""CAR01"",""perfil_msrp"":65000,""odometer"":181750}"
2024-02-05,114000.00,"Faturamento PME Mensal 2/2024",revenue,"Receita de Vendas","ncg,welford,rolling_margin","{""massa_salarial_12"":176000,""receita_bruta_12"":1368000}"
2024-02-08,13200.00,"Folha Pro-Labore Administrador 2/2024",expense,"Retiradas","fator_r,irpf_2026,simples_nacional","{""massa_salarial_12"":176000,""receita_bruta_12"":1368000}"
2024-02-12,2345.00,"Financiamento Imóvel SAC Parcela 98/120",expense,"Imóveis","sistema_sac,cap_rate,ross_heidecke","{""property_value"":350000,""monthly_rent"":2100,""installment_no"":98,""interest_paid"":345}"
2024-02-18,6500.00,"Aporte Fundo Offshore Swissquote 2/2024",deposit,"Investimentos Externos","fbar,fatca,sankey,monte_carlo","{""jurisdicao_pais"":""Suiça"",""moeda"":""USD""}"
2024-02-14,250.00,"Abastecimento Posto Shell CAR01 (182600 km)",expense,"Frotas & Veículos","cpk,weibull,ubi,tco_vehicle","{""idveiculo"":""CAR01"",""perfil_msrp"":65000,""odometer"":182600}"
2024-02-27,267.00,"Abastecimento Posto Ipiranga CAR01 (183500 km)",expense,"Frotas & Veículos","cpk,weibull,ubi,tco_vehicle","{""idveiculo"":""CAR01"",""perfil_msrp"":65000,""odometer"":183500}"
2024-03-05,109000.00,"Faturamento PME Mensal 3/2024",revenue,"Receita de Vendas","ncg,welford,rolling_margin","{""massa_salarial_12"":176000,""receita_bruta_12"":1308000}"
2024-03-08,13200.00,"Folha Pro-Labore Administrador 3/2024",expense,"Retiradas","fator_r,irpf_2026,simples_nacional","{""massa_salarial_12"":176000,""receita_bruta_12"":1308000}"
2024-03-12,2330.00,"Financiamento Imóvel SAC Parcela 99/120",expense,"Imóveis","sistema_sac,cap_rate,ross_heidecke","{""property_value"":350000,""monthly_rent"":2100,""installment_no"":99,""interest_paid"":330}"
2024-03-18,6500.00,"Aporte Fundo Offshore Swissquote 3/2024",deposit,"Investimentos Externos","fbar,fatca,sankey,monte_carlo","{""jurisdicao_pais"":""Suiça"",""moeda"":""USD""}"
2024-03-14,255.00,"Abastecimento Posto Shell CAR01 (184350 km)",expense,"Frotas & Veículos","cpk,weibull,ubi,tco_vehicle","{""idveiculo"":""CAR01"",""perfil_msrp"":65000,""odometer"":184350}"
2024-03-27,273.00,"Abastecimento Posto Ipiranga CAR01 (185250 km)",expense,"Frotas & Veículos","cpk,weibull,ubi,tco_vehicle","{""idveiculo"":""CAR01"",""perfil_msrp"":65000,""odometer"":185250}"
2024-03-22,6700.00,"Depósito Judicial Trabalhista (ADC 58) Q1/2024",deposit,"Ações Judiciais","taxa_legal,adc_58,simples_nacional","{""data_ajuizamento"":""2023-04-10"",""data_vencimento"":""2024-01-15""}"
2024-04-05,111500.00,"Faturamento PME Mensal 4/2024",revenue,"Receita de Vendas","ncg,welford,rolling_margin","{""massa_salarial_12"":176000,""receita_bruta_12"":1338000}"
2024-04-08,13200.00,"Folha Pro-Labore Administrador 4/2024",expense,"Retiradas","fator_r,irpf_2026,simples_nacional","{""massa_salarial_12"":176000,""receita_bruta_12"":1338000}"
2024-04-12,2315.00,"Financiamento Imóvel SAC Parcela 100/120",expense,"Imóveis","sistema_sac,cap_rate,ross_heidecke","{""property_value"":350000,""monthly_rent"":2100,""installment_no"":100,""interest_paid"":315}"
2024-04-18,6500.00,"Aporte Fundo Offshore Swissquote 4/2024",deposit,"Investimentos Externos","fbar,fatca,sankey,monte_carlo","{""jurisdicao_pais"":""Suiça"",""moeda"":""USD""}"
2024-04-14,260.00,"Abastecimento Posto Shell CAR01 (186100 km)",expense,"Frotas & Veículos","cpk,weibull,ubi,tco_vehicle","{""idveiculo"":""CAR01"",""perfil_msrp"":65000,""odometer"":186100}"
2024-04-27,279.00,"Abastecimento Posto Ipiranga CAR01 (187000 km)",expense,"Frotas & Veículos","cpk,weibull,ubi,tco_vehicle","{""idveiculo"":""CAR01"",""perfil_msrp"":65000,""odometer"":187000}"
2024-05-05,114000.00,"Faturamento PME Mensal 5/2024",revenue,"Receita de Vendas","ncg,welford,rolling_margin","{""massa_salarial_12"":176000,""receita_bruta_12"":1368000}"
2024-05-08,13200.00,"Folha Pro-Labore Administrador 5/2024",expense,"Retiradas","fator_r,irpf_2026,simples_nacional","{""massa_salarial_12"":176000,""receita_bruta_12"":1368000}"
2024-05-12,2300.00,"Financiamento Imóvel SAC Parcela 101/120",expense,"Imóveis","sistema_sac,cap_rate,ross_heidecke","{""property_value"":350000,""monthly_rent"":2100,""installment_no"":101,""interest_paid"":300}"
2024-05-18,6500.00,"Aporte Fundo Offshore Swissquote 5/2024",deposit,"Investimentos Externos","fbar,fatca,sankey,monte_carlo","{""jurisdicao_pais"":""Suiça"",""moeda"":""USD""}"
2024-05-14,265.00,"Abastecimento Posto Shell CAR01 (187850 km)",expense,"Frotas & Veículos","cpk,weibull,ubi,tco_vehicle","{""idveiculo"":""CAR01"",""perfil_msrp"":65000,""odometer"":187850}"
2024-05-27,285.00,"Abastecimento Posto Ipiranga CAR01 (188750 km)",expense,"Frotas & Veículos","cpk,weibull,ubi,tco_vehicle","{""idveiculo"":""CAR01"",""perfil_msrp"":65000,""odometer"":188750}"
2024-06-05,109000.00,"Faturamento PME Mensal 6/2024",revenue,"Receita de Vendas","ncg,welford,rolling_margin","{""massa_salarial_12"":176000,""receita_bruta_12"":1308000}"
2024-06-08,13200.00,"Folha Pro-Labore Administrador 6/2024",expense,"Retiradas","fator_r,irpf_2026,simples_nacional","{""massa_salarial_12"":176000,""receita_bruta_12"":1308000}"
2024-06-12,2285.00,"Financiamento Imóvel SAC Parcela 102/120",expense,"Imóveis","sistema_sac,cap_rate,ross_heidecke","{""property_value"":350000,""monthly_rent"":2100,""installment_no"":102,""interest_paid"":285}"
2024-06-18,6500.00,"Aporte Fundo Offshore Swissquote 6/2024",deposit,"Investimentos Externos","fbar,fatca,sankey,monte_carlo","{""jurisdicao_pais"":""Suiça"",""moeda"":""USD""}"
2024-06-14,270.00,"Abastecimento Posto Shell CAR01 (189600 km)",expense,"Frotas & Veículos","cpk,weibull,ubi,tco_vehicle","{""idveiculo"":""CAR01"",""perfil_msrp"":65000,""odometer"":189600}"
2024-06-27,291.00,"Abastecimento Posto Ipiranga CAR01 (190500 km)",expense,"Frotas & Veículos","cpk,weibull,ubi,tco_vehicle","{""idveiculo"":""CAR01"",""perfil_msrp"":65000,""odometer"":190500}"
2024-06-22,6700.00,"Depósito Judicial Trabalhista (ADC 58) Q2/2024",deposit,"Ações Judiciais","taxa_legal,adc_58,simples_nacional","{""data_ajuizamento"":""2023-04-10"",""data_vencimento"":""2024-01-15""}"
2024-07-05,111500.00,"Faturamento PME Mensal 7/2024",revenue,"Receita de Vendas","ncg,welford,rolling_margin","{""massa_salarial_12"":176000,""receita_bruta_12"":1338000}"
2024-07-08,13200.00,"Folha Pro-Labore Administrador 7/2024",expense,"Retiradas","fator_r,irpf_2026,simples_nacional","{""massa_salarial_12"":176000,""receita_bruta_12"":1338000}"
2024-07-12,2270.00,"Financiamento Imóvel SAC Parcela 103/120",expense,"Imóveis","sistema_sac,cap_rate,ross_heidecke","{""property_value"":350000,""monthly_rent"":2100,""installment_no"":103,""interest_paid"":270}"
2024-07-18,6500.00,"Aporte Fundo Offshore Swissquote 7/2024",deposit,"Investimentos Externos","fbar,fatca,sankey,monte_carlo","{""jurisdicao_pais"":""Suiça"",""moeda"":""USD""}"
2024-07-14,275.00,"Abastecimento Posto Shell CAR01 (191350 km)",expense,"Frotas & Veículos","cpk,weibull,ubi,tco_vehicle","{""idveiculo"":""CAR01"",""perfil_msrp"":65000,""odometer"":191350}"
2024-07-27,297.00,"Abastecimento Posto Ipiranga CAR01 (192250 km)",expense,"Frotas & Veículos","cpk,weibull,ubi,tco_vehicle","{""idveiculo"":""CAR01"",""perfil_msrp"":65000,""odometer"":192250}"
2024-08-05,114000.00,"Faturamento PME Mensal 8/2024",revenue,"Receita de Vendas","ncg,welford,rolling_margin","{""massa_salarial_12"":176000,""receita_bruta_12"":1368000}"
2024-08-08,13200.00,"Folha Pro-Labore Administrador 8/2024",expense,"Retiradas","fator_r,irpf_2026,simples_nacional","{""massa_salarial_12"":176000,""receita_bruta_12"":1368000}"
2024-08-12,2255.00,"Financiamento Imóvel SAC Parcela 104/120",expense,"Imóveis","sistema_sac,cap_rate,ross_heidecke","{""property_value"":350000,""monthly_rent"":2100,""installment_no"":104,""interest_paid"":255}"
2024-08-18,6500.00,"Aporte Fundo Offshore Swissquote 8/2024",deposit,"Investimentos Externos","fbar,fatca,sankey,monte_carlo","{""jurisdicao_pais"":""Suiça"",""moeda"":""USD""}"
2024-08-14,280.00,"Abastecimento Posto Shell CAR01 (193100 km)",expense,"Frotas & Veículos","cpk,weibull,ubi,tco_vehicle","{""idveiculo"":""CAR01"",""perfil_msrp"":65000,""odometer"":193100}"
2024-08-27,303.00,"Abastecimento Posto Ipiranga CAR01 (194000 km)",expense,"Frotas & Veículos","cpk,weibull,ubi,tco_vehicle","{""idveiculo"":""CAR01"",""perfil_msrp"":65000,""odometer"":194000}"
2024-09-05,109000.00,"Faturamento PME Mensal 9/2024",revenue,"Receita de Vendas","ncg,welford,rolling_margin","{""massa_salarial_12"":176000,""receita_bruta_12"":1308000}"
2024-09-08,13200.00,"Folha Pro-Labore Administrador 9/2024",expense,"Retiradas","fator_r,irpf_2026,simples_nacional","{""massa_salarial_12"":176000,""receita_bruta_12"":1308000}"
2024-09-12,2240.00,"Financiamento Imóvel SAC Parcela 105/120",expense,"Imóveis","sistema_sac,cap_rate,ross_heidecke","{""property_value"":350000,""monthly_rent"":2100,""installment_no"":105,""interest_paid"":240}"
2024-09-18,6500.00,"Aporte Fundo Offshore Swissquote 9/2024",deposit,"Investimentos Externos","fbar,fatca,sankey,monte_carlo","{""jurisdicao_pais"":""Suiça"",""moeda"":""USD""}"
2024-09-14,285.00,"Abastecimento Posto Shell CAR01 (194850 km)",expense,"Frotas & Veículos","cpk,weibull,ubi,tco_vehicle","{""idveiculo"":""CAR01"",""perfil_msrp"":65000,""odometer"":194850}"
2024-09-27,309.00,"Abastecimento Posto Ipiranga CAR01 (195750 km)",expense,"Frotas & Veículos","cpk,weibull,ubi,tco_vehicle","{""idveiculo"":""CAR01"",""perfil_msrp"":65000,""odometer"":195750}"
2024-09-22,6700.00,"Depósito Judicial Trabalhista (ADC 58) Q3/2024",deposit,"Ações Judiciais","taxa_legal,adc_58,simples_nacional","{""data_ajuizamento"":""2023-04-10"",""data_vencimento"":""2024-01-15""}"
2024-10-05,111500.00,"Faturamento PME Mensal 10/2024",revenue,"Receita de Vendas","ncg,welford,rolling_margin","{""massa_salarial_12"":176000,""receita_bruta_12"":1338000}"
2024-10-08,13200.00,"Folha Pro-Labore Administrador 10/2024",expense,"Retiradas","fator_r,irpf_2026,simples_nacional","{""massa_salarial_12"":176000,""receita_bruta_12"":1338000}"
2024-10-12,2225.00,"Financiamento Imóvel SAC Parcela 106/120",expense,"Imóveis","sistema_sac,cap_rate,ross_heidecke","{""property_value"":350000,""monthly_rent"":2100,""installment_no"":106,""interest_paid"":225}"
2024-10-18,6500.00,"Aporte Fundo Offshore Swissquote 10/2024",deposit,"Investimentos Externos","fbar,fatca,sankey,monte_carlo","{""jurisdicao_pais"":""Suiça"",""moeda"":""USD""}"
2024-10-14,290.00,"Abastecimento Posto Shell CAR01 (196600 km)",expense,"Frotas & Veículos","cpk,weibull,ubi,tco_vehicle","{""idveiculo"":""CAR01"",""perfil_msrp"":65000,""odometer"":196600}"
2024-10-27,315.00,"Abastecimento Posto Ipiranga CAR01 (197500 km)",expense,"Frotas & Veículos","cpk,weibull,ubi,tco_vehicle","{""idveiculo"":""CAR01"",""perfil_msrp"":65000,""odometer"":197500}"
2024-11-05,114000.00,"Faturamento PME Mensal 11/2024",revenue,"Receita de Vendas","ncg,welford,rolling_margin","{""massa_salarial_12"":176000,""receita_bruta_12"":1368000}"
2024-11-08,13200.00,"Folha Pro-Labore Administrador 11/2024",expense,"Retiradas","fator_r,irpf_2026,simples_nacional","{""massa_salarial_12"":176000,""receita_bruta_12"":1368000}"
2024-11-12,2210.00,"Financiamento Imóvel SAC Parcela 107/120",expense,"Imóveis","sistema_sac,cap_rate,ross_heidecke","{""property_value"":350000,""monthly_rent"":2100,""installment_no"":107,""interest_paid"":210}"
2024-11-18,6500.00,"Aporte Fundo Offshore Swissquote 11/2024",deposit,"Investimentos Externos","fbar,fatca,sankey,monte_carlo","{""jurisdicao_pais"":""Suiça"",""moeda"":""USD""}"
2024-11-14,295.00,"Abastecimento Posto Shell CAR01 (198350 km)",expense,"Frotas & Veículos","cpk,weibull,ubi,tco_vehicle","{""idveiculo"":""CAR01"",""perfil_msrp"":65000,""odometer"":198350}"
2024-11-27,321.00,"Abastecimento Posto Ipiranga CAR01 (199250 km)",expense,"Frotas & Veículos","cpk,weibull,ubi,tco_vehicle","{""idveiculo"":""CAR01"",""perfil_msrp"":65000,""odometer"":199250}"
2024-12-05,109000.00,"Faturamento PME Mensal 12/2024",revenue,"Receita de Vendas","ncg,welford,rolling_margin","{""massa_salarial_12"":176000,""receita_bruta_12"":1308000}"
2024-12-08,13200.00,"Folha Pro-Labore Administrador 12/2024",expense,"Retiradas","fator_r,irpf_2026,simples_nacional","{""massa_salarial_12"":176000,""receita_bruta_12"":1308000}"
2024-12-12,2195.00,"Financiamento Imóvel SAC Parcela 108/120",expense,"Imóveis","sistema_sac,cap_rate,ross_heidecke","{""property_value"":350000,""monthly_rent"":2100,""installment_no"":108,""interest_paid"":195}"
2024-12-18,6500.00,"Aporte Fundo Offshore Swissquote 12/2024",deposit,"Investimentos Externos","fbar,fatca,sankey,monte_carlo","{""jurisdicao_pais"":""Suiça"",""moeda"":""USD""}"
2024-12-14,300.00,"Abastecimento Posto Shell CAR01 (200100 km)",expense,"Frotas & Veículos","cpk,weibull,ubi,tco_vehicle","{""idveiculo"":""CAR01"",""perfil_msrp"":65000,""odometer"":200100}"
2024-12-27,327.00,"Abastecimento Posto Ipiranga CAR01 (201000 km)",expense,"Frotas & Veículos","cpk,weibull,ubi,tco_vehicle","{""idveiculo"":""CAR01"",""perfil_msrp"":65000,""odometer"":201000}"
2024-12-22,6700.00,"Depósito Judicial Trabalhista (ADC 58) Q4/2024",deposit,"Ações Judiciais","taxa_legal,adc_58,simples_nacional","{""data_ajuizamento"":""2023-04-10"",""data_vencimento"":""2024-01-15""}"
2025-01-05,119500.00,"Faturamento PME Mensal 1/2025",revenue,"Receita de Vendas","ncg,welford,rolling_margin","{""massa_salarial_12"":188000,""receita_bruta_12"":1434000}"
2025-01-08,14100.00,"Folha Pro-Labore Administrador 1/2025",expense,"Retiradas","fator_r,irpf_2026,simples_nacional","{""massa_salarial_12"":188000,""receita_bruta_12"":1434000}"
2025-01-12,2180.00,"Financiamento Imóvel SAC Parcela 109/120",expense,"Imóveis","sistema_sac,cap_rate,ross_heidecke","{""property_value"":350000,""monthly_rent"":2100,""installment_no"":109,""interest_paid"":180}"
2025-01-18,7000.00,"Aporte Fundo Offshore Swissquote 1/2025",deposit,"Investimentos Externos","fbar,fatca,sankey,monte_carlo","{""jurisdicao_pais"":""Suiça"",""moeda"":""USD""}"
2025-01-14,245.00,"Abastecimento Posto Shell CAR01 (201850 km)",expense,"Frotas & Veículos","cpk,weibull,ubi,tco_vehicle","{""idveiculo"":""CAR01"",""perfil_msrp"":65000,""odometer"":201850}"
2025-01-27,261.00,"Abastecimento Posto Ipiranga CAR01 (202750 km)",expense,"Frotas & Veículos","cpk,weibull,ubi,tco_vehicle","{""idveiculo"":""CAR01"",""perfil_msrp"":65000,""odometer"":202750}"
2025-02-05,122000.00,"Faturamento PME Mensal 2/2025",revenue,"Receita de Vendas","ncg,welford,rolling_margin","{""massa_salarial_12"":188000,""receita_bruta_12"":1464000}"
2025-02-08,14100.00,"Folha Pro-Labore Administrador 2/2025",expense,"Retiradas","fator_r,irpf_2026,simples_nacional","{""massa_salarial_12"":188000,""receita_bruta_12"":1464000}"
2025-02-12,2165.00,"Financiamento Imóvel SAC Parcela 110/120",expense,"Imóveis","sistema_sac,cap_rate,ross_heidecke","{""property_value"":350000,""monthly_rent"":2100,""installment_no"":110,""interest_paid"":165}"
2025-02-18,7000.00,"Aporte Fundo Offshore Swissquote 2/2025",deposit,"Investimentos Externos","fbar,fatca,sankey,monte_carlo","{""jurisdicao_pais"":""Suiça"",""moeda"":""USD""}"
2025-02-14,250.00,"Abastecimento Posto Shell CAR01 (203600 km)",expense,"Frotas & Veículos","cpk,weibull,ubi,tco_vehicle","{""idveiculo"":""CAR01"",""perfil_msrp"":65000,""odometer"":203600}"
2025-02-27,267.00,"Abastecimento Posto Ipiranga CAR01 (204500 km)",expense,"Frotas & Veículos","cpk,weibull,ubi,tco_vehicle","{""idveiculo"":""CAR01"",""perfil_msrp"":65000,""odometer"":204500}"
2025-03-05,117000.00,"Faturamento PME Mensal 3/2025",revenue,"Receita de Vendas","ncg,welford,rolling_margin","{""massa_salarial_12"":188000,""receita_bruta_12"":1404000}"
2025-03-08,14100.00,"Folha Pro-Labore Administrador 3/2025",expense,"Retiradas","fator_r,irpf_2026,simples_nacional","{""massa_salarial_12"":188000,""receita_bruta_12"":1404000}"
2025-03-12,2150.00,"Financiamento Imóvel SAC Parcela 111/120",expense,"Imóveis","sistema_sac,cap_rate,ross_heidecke","{""property_value"":350000,""monthly_rent"":2100,""installment_no"":111,""interest_paid"":150}"
2025-03-18,7000.00,"Aporte Fundo Offshore Swissquote 3/2025",deposit,"Investimentos Externos","fbar,fatca,sankey,monte_carlo","{""jurisdicao_pais"":""Suiça"",""moeda"":""USD""}"
2025-03-14,255.00,"Abastecimento Posto Shell CAR01 (205350 km)",expense,"Frotas & Veículos","cpk,weibull,ubi,tco_vehicle","{""idveiculo"":""CAR01"",""perfil_msrp"":65000,""odometer"":205350}"
2025-03-27,273.00,"Abastecimento Posto Ipiranga CAR01 (206250 km)",expense,"Frotas & Veículos","cpk,weibull,ubi,tco_vehicle","{""idveiculo"":""CAR01"",""perfil_msrp"":65000,""odometer"":206250}"
2025-03-22,7100.00,"Depósito Judicial Trabalhista (ADC 58) Q1/2025",deposit,"Ações Judiciais","taxa_legal,adc_58,simples_nacional","{""data_ajuizamento"":""2024-04-10"",""data_vencimento"":""2025-01-15""}"
2025-04-05,119500.00,"Faturamento PME Mensal 4/2025",revenue,"Receita de Vendas","ncg,welford,rolling_margin","{""massa_salarial_12"":188000,""receita_bruta_12"":1434000}"
2025-04-08,14100.00,"Folha Pro-Labore Administrador 4/2025",expense,"Retiradas","fator_r,irpf_2026,simples_nacional","{""massa_salarial_12"":188000,""receita_bruta_12"":1434000}"
2025-04-12,2135.00,"Financiamento Imóvel SAC Parcela 112/120",expense,"Imóveis","sistema_sac,cap_rate,ross_heidecke","{""property_value"":350000,""monthly_rent"":2100,""installment_no"":112,""interest_paid"":135}"
2025-04-18,7000.00,"Aporte Fundo Offshore Swissquote 4/2025",deposit,"Investimentos Externos","fbar,fatca,sankey,monte_carlo","{""jurisdicao_pais"":""Suiça"",""moeda"":""USD""}"
2025-04-14,260.00,"Abastecimento Posto Shell CAR01 (207100 km)",expense,"Frotas & Veículos","cpk,weibull,ubi,tco_vehicle","{""idveiculo"":""CAR01"",""perfil_msrp"":65000,""odometer"":207100}"
2025-04-27,279.00,"Abastecimento Posto Ipiranga CAR01 (208000 km)",expense,"Frotas & Veículos","cpk,weibull,ubi,tco_vehicle","{""idveiculo"":""CAR01"",""perfil_msrp"":65000,""odometer"":208000}"
2025-05-05,122000.00,"Faturamento PME Mensal 5/2025",revenue,"Receita de Vendas","ncg,welford,rolling_margin","{""massa_salarial_12"":188000,""receita_bruta_12"":1464000}"
2025-05-08,14100.00,"Folha Pro-Labore Administrador 5/2025",expense,"Retiradas","fator_r,irpf_2026,simples_nacional","{""massa_salarial_12"":188000,""receita_bruta_12"":1464000}"
2025-05-12,2120.00,"Financiamento Imóvel SAC Parcela 113/120",expense,"Imóveis","sistema_sac,cap_rate,ross_heidecke","{""property_value"":350000,""monthly_rent"":2100,""installment_no"":113,""interest_paid"":120}"
2025-05-18,7000.00,"Aporte Fundo Offshore Swissquote 5/2025",deposit,"Investimentos Externos","fbar,fatca,sankey,monte_carlo","{""jurisdicao_pais"":""Suiça"",""moeda"":""USD""}"
2025-05-14,265.00,"Abastecimento Posto Shell CAR01 (208850 km)",expense,"Frotas & Veículos","cpk,weibull,ubi,tco_vehicle","{""idveiculo"":""CAR01"",""perfil_msrp"":65000,""odometer"":208850}"
2025-05-27,285.00,"Abastecimento Posto Ipiranga CAR01 (209750 km)",expense,"Frotas & Veículos","cpk,weibull,ubi,tco_vehicle","{""idveiculo"":""CAR01"",""perfil_msrp"":65000,""odometer"":209750}"
2025-06-05,117000.00,"Faturamento PME Mensal 6/2025",revenue,"Receita de Vendas","ncg,welford,rolling_margin","{""massa_salarial_12"":188000,""receita_bruta_12"":1404000}"
2025-06-08,14100.00,"Folha Pro-Labore Administrador 6/2025",expense,"Retiradas","fator_r,irpf_2026,simples_nacional","{""massa_salarial_12"":188000,""receita_bruta_12"":1404000}"
2025-06-12,2105.00,"Financiamento Imóvel SAC Parcela 114/120",expense,"Imóveis","sistema_sac,cap_rate,ross_heidecke","{""property_value"":350000,""monthly_rent"":2100,""installment_no"":114,""interest_paid"":105}"
2025-06-18,7000.00,"Aporte Fundo Offshore Swissquote 6/2025",deposit,"Investimentos Externos","fbar,fatca,sankey,monte_carlo","{""jurisdicao_pais"":""Suiça"",""moeda"":""USD""}"
2025-06-14,270.00,"Abastecimento Posto Shell CAR01 (210600 km)",expense,"Frotas & Veículos","cpk,weibull,ubi,tco_vehicle","{""idveiculo"":""CAR01"",""perfil_msrp"":65000,""odometer"":210600}"
2025-06-27,291.00,"Abastecimento Posto Ipiranga CAR01 (211500 km)",expense,"Frotas & Veículos","cpk,weibull,ubi,tco_vehicle","{""idveiculo"":""CAR01"",""perfil_msrp"":65000,""odometer"":211500}"
2025-06-22,7100.00,"Depósito Judicial Trabalhista (ADC 58) Q2/2025",deposit,"Ações Judiciais","taxa_legal,adc_58,simples_nacional","{""data_ajuizamento"":""2024-04-10"",""data_vencimento"":""2025-01-15""}"
2025-07-05,119500.00,"Faturamento PME Mensal 7/2025",revenue,"Receita de Vendas","ncg,welford,rolling_margin","{""massa_salarial_12"":188000,""receita_bruta_12"":1434000}"
2025-07-08,14100.00,"Folha Pro-Labore Administrador 7/2025",expense,"Retiradas","fator_r,irpf_2026,simples_nacional","{""massa_salarial_12"":188000,""receita_bruta_12"":1434000}"
2025-07-12,2090.00,"Financiamento Imóvel SAC Parcela 115/120",expense,"Imóveis","sistema_sac,cap_rate,ross_heidecke","{""property_value"":350000,""monthly_rent"":2100,""installment_no"":115,""interest_paid"":90}"
2025-07-18,7000.00,"Aporte Fundo Offshore Swissquote 7/2025",deposit,"Investimentos Externos","fbar,fatca,sankey,monte_carlo","{""jurisdicao_pais"":""Suiça"",""moeda"":""USD""}"
2025-07-14,275.00,"Abastecimento Posto Shell CAR01 (212350 km)",expense,"Frotas & Veículos","cpk,weibull,ubi,tco_vehicle","{""idveiculo"":""CAR01"",""perfil_msrp"":65000,""odometer"":212350}"
2025-07-27,297.00,"Abastecimento Posto Ipiranga CAR01 (213250 km)",expense,"Frotas & Veículos","cpk,weibull,ubi,tco_vehicle","{""idveiculo"":""CAR01"",""perfil_msrp"":65000,""odometer"":213250}"
2025-08-05,122000.00,"Faturamento PME Mensal 8/2025",revenue,"Receita de Vendas","ncg,welford,rolling_margin","{""massa_salarial_12"":188000,""receita_bruta_12"":1464000}"
2025-08-08,14100.00,"Folha Pro-Labore Administrador 8/2025",expense,"Retiradas","fator_r,irpf_2026,simples_nacional","{""massa_salarial_12"":188000,""receita_bruta_12"":1464000}"
2025-08-12,2075.00,"Financiamento Imóvel SAC Parcela 116/120",expense,"Imóveis","sistema_sac,cap_rate,ross_heidecke","{""property_value"":350000,""monthly_rent"":2100,""installment_no"":116,""interest_paid"":75}"
2025-08-18,7000.00,"Aporte Fundo Offshore Swissquote 8/2025",deposit,"Investimentos Externos","fbar,fatca,sankey,monte_carlo","{""jurisdicao_pais"":""Suiça"",""moeda"":""USD""}"
2025-08-14,280.00,"Abastecimento Posto Shell CAR01 (214100 km)",expense,"Frotas & Veículos","cpk,weibull,ubi,tco_vehicle","{""idveiculo"":""CAR01"",""perfil_msrp"":65000,""odometer"":214100}"
2025-08-27,303.00,"Abastecimento Posto Ipiranga CAR01 (215000 km)",expense,"Frotas & Veículos","cpk,weibull,ubi,tco_vehicle","{""idveiculo"":""CAR01"",""perfil_msrp"":65000,""odometer"":215000}"
2025-09-05,117000.00,"Faturamento PME Mensal 9/2025",revenue,"Receita de Vendas","ncg,welford,rolling_margin","{""massa_salarial_12"":188000,""receita_bruta_12"":1404000}"
2025-09-08,14100.00,"Folha Pro-Labore Administrador 9/2025",expense,"Retiradas","fator_r,irpf_2026,simples_nacional","{""massa_salarial_12"":188000,""receita_bruta_12"":1404000}"
2025-09-12,2060.00,"Financiamento Imóvel SAC Parcela 117/120",expense,"Imóveis","sistema_sac,cap_rate,ross_heidecke","{""property_value"":350000,""monthly_rent"":2100,""installment_no"":117,""interest_paid"":60}"
2025-09-18,7000.00,"Aporte Fundo Offshore Swissquote 9/2025",deposit,"Investimentos Externos","fbar,fatca,sankey,monte_carlo","{""jurisdicao_pais"":""Suiça"",""moeda"":""USD""}"
2025-09-14,285.00,"Abastecimento Posto Shell CAR01 (215850 km)",expense,"Frotas & Veículos","cpk,weibull,ubi,tco_vehicle","{""idveiculo"":""CAR01"",""perfil_msrp"":65000,""odometer"":215850}"
2025-09-27,309.00,"Abastecimento Posto Ipiranga CAR01 (216750 km)",expense,"Frotas & Veículos","cpk,weibull,ubi,tco_vehicle","{""idveiculo"":""CAR01"",""perfil_msrp"":65000,""odometer"":216750}"
2025-09-22,7100.00,"Depósito Judicial Trabalhista (ADC 58) Q3/2025",deposit,"Ações Judiciais","taxa_legal,adc_58,simples_nacional","{""data_ajuizamento"":""2024-04-10"",""data_vencimento"":""2025-01-15""}"
2025-10-05,119500.00,"Faturamento PME Mensal 10/2025",revenue,"Receita de Vendas","ncg,welford,rolling_margin","{""massa_salarial_12"":188000,""receita_bruta_12"":1434000}"
2025-10-08,14100.00,"Folha Pro-Labore Administrador 10/2025",expense,"Retiradas","fator_r,irpf_2026,simples_nacional","{""massa_salarial_12"":188000,""receita_bruta_12"":1434000}"
2025-10-12,2045.00,"Financiamento Imóvel SAC Parcela 118/120",expense,"Imóveis","sistema_sac,cap_rate,ross_heidecke","{""property_value"":350000,""monthly_rent"":2100,""installment_no"":118,""interest_paid"":45}"
2025-10-18,7000.00,"Aporte Fundo Offshore Swissquote 10/2025",deposit,"Investimentos Externos","fbar,fatca,sankey,monte_carlo","{""jurisdicao_pais"":""Suiça"",""moeda"":""USD""}"
2025-10-14,290.00,"Abastecimento Posto Shell CAR01 (217600 km)",expense,"Frotas & Veículos","cpk,weibull,ubi,tco_vehicle","{""idveiculo"":""CAR01"",""perfil_msrp"":65000,""odometer"":217600}"
2025-10-27,315.00,"Abastecimento Posto Ipiranga CAR01 (218500 km)",expense,"Frotas & Veículos","cpk,weibull,ubi,tco_vehicle","{""idveiculo"":""CAR01"",""perfil_msrp"":65000,""odometer"":218500}"
2025-11-05,122000.00,"Faturamento PME Mensal 11/2025",revenue,"Receita de Vendas","ncg,welford,rolling_margin","{""massa_salarial_12"":188000,""receita_bruta_12"":1464000}"
2025-11-08,14100.00,"Folha Pro-Labore Administrador 11/2025",expense,"Retiradas","fator_r,irpf_2026,simples_nacional","{""massa_salarial_12"":188000,""receita_bruta_12"":1464000}"
2025-11-12,2030.00,"Financiamento Imóvel SAC Parcela 119/120",expense,"Imóveis","sistema_sac,cap_rate,ross_heidecke","{""property_value"":350000,""monthly_rent"":2100,""installment_no"":119,""interest_paid"":30}"
2025-11-18,7000.00,"Aporte Fundo Offshore Swissquote 11/2025",deposit,"Investimentos Externos","fbar,fatca,sankey,monte_carlo","{""jurisdicao_pais"":""Suiça"",""moeda"":""USD""}"
2025-11-14,295.00,"Abastecimento Posto Shell CAR01 (219350 km)",expense,"Frotas & Veículos","cpk,weibull,ubi,tco_vehicle","{""idveiculo"":""CAR01"",""perfil_msrp"":65000,""odometer"":219350}"
2025-11-27,321.00,"Abastecimento Posto Ipiranga CAR01 (220250 km)",expense,"Frotas & Veículos","cpk,weibull,ubi,tco_vehicle","{""idveiculo"":""CAR01"",""perfil_msrp"":65000,""odometer"":220250}"
2025-12-05,117000.00,"Faturamento PME Mensal 12/2025",revenue,"Receita de Vendas","ncg,welford,rolling_margin","{""massa_salarial_12"":188000,""receita_bruta_12"":1404000}"
2025-12-08,14100.00,"Folha Pro-Labore Administrador 12/2025",expense,"Retiradas","fator_r,irpf_2026,simples_nacional","{""massa_salarial_12"":188000,""receita_bruta_12"":1404000}"
2025-12-12,2015.00,"Financiamento Imóvel SAC Parcela 120/120",expense,"Imóveis","sistema_sac,cap_rate,ross_heidecke","{""property_value"":350000,""monthly_rent"":2100,""installment_no"":120,""interest_paid"":15}"
2025-12-18,7000.00,"Aporte Fundo Offshore Swissquote 12/2025",deposit,"Investimentos Externos","fbar,fatca,sankey,monte_carlo","{""jurisdicao_pais"":""Suiça"",""moeda"":""USD""}"
2025-12-14,300.00,"Abastecimento Posto Shell CAR01 (221100 km)",expense,"Frotas & Veículos","cpk,weibull,ubi,tco_vehicle","{""idveiculo"":""CAR01"",""perfil_msrp"":65000,""odometer"":221100}"
2025-12-27,327.00,"Abastecimento Posto Ipiranga CAR01 (222000 km)",expense,"Frotas & Veículos","cpk,weibull,ubi,tco_vehicle","{""idveiculo"":""CAR01"",""perfil_msrp"":65000,""odometer"":222000}"
2025-12-22,7100.00,"Depósito Judicial Trabalhista (ADC 58) Q4/2025",deposit,"Ações Judiciais","taxa_legal,adc_58,simples_nacional","{""data_ajuizamento"":""2024-04-10"",""data_vencimento"":""2025-01-15""}"
2026-01-05,127500.00,"Faturamento PME Mensal 1/2026",revenue,"Receita de Vendas","ncg,welford,rolling_margin","{""massa_salarial_12"":200000,""receita_bruta_12"":1530000}"
2026-01-08,15000.00,"Folha Pro-Labore Administrador 1/2026",expense,"Retiradas","fator_r,irpf_2026,simples_nacional","{""massa_salarial_12"":200000,""receita_bruta_12"":1530000}"
2026-01-18,7500.00,"Aporte Fundo Offshore Swissquote 1/2026",deposit,"Investimentos Externos","fbar,fatca,sankey,monte_carlo","{""jurisdicao_pais"":""Suiça"",""moeda"":""USD""}"
2026-01-14,245.00,"Abastecimento Posto Shell CAR01 (222850 km)",expense,"Frotas & Veículos","cpk,weibull,ubi,tco_vehicle","{""idveiculo"":""CAR01"",""perfil_msrp"":65000,""odometer"":222850}"
2026-01-27,261.00,"Abastecimento Posto Ipiranga CAR01 (223750 km)",expense,"Frotas & Veículos","cpk,weibull,ubi,tco_vehicle","{""idveiculo"":""CAR01"",""perfil_msrp"":65000,""odometer"":223750}"
2026-02-05,130000.00,"Faturamento PME Mensal 2/2026",revenue,"Receita de Vendas","ncg,welford,rolling_margin","{""massa_salarial_12"":200000,""receita_bruta_12"":1560000}"
2026-02-08,15000.00,"Folha Pro-Labore Administrador 2/2026",expense,"Retiradas","fator_r,irpf_2026,simples_nacional","{""massa_salarial_12"":200000,""receita_bruta_12"":1560000}"
2026-02-18,7500.00,"Aporte Fundo Offshore Swissquote 2/2026",deposit,"Investimentos Externos","fbar,fatca,sankey,monte_carlo","{""jurisdicao_pais"":""Suiça"",""moeda"":""USD""}"
2026-02-14,250.00,"Abastecimento Posto Shell CAR01 (224600 km)",expense,"Frotas & Veículos","cpk,weibull,ubi,tco_vehicle","{""idveiculo"":""CAR01"",""perfil_msrp"":65000,""odometer"":224600}"
2026-02-27,267.00,"Abastecimento Posto Ipiranga CAR01 (225500 km)",expense,"Frotas & Veículos","cpk,weibull,ubi,tco_vehicle","{""idveiculo"":""CAR01"",""perfil_msrp"":65000,""odometer"":225500}"
2026-03-05,125000.00,"Faturamento PME Mensal 3/2026",revenue,"Receita de Vendas","ncg,welford,rolling_margin","{""massa_salarial_12"":200000,""receita_bruta_12"":1500000}"
2026-03-08,15000.00,"Folha Pro-Labore Administrador 3/2026",expense,"Retiradas","fator_r,irpf_2026,simples_nacional","{""massa_salarial_12"":200000,""receita_bruta_12"":1500000}"
2026-03-18,7500.00,"Aporte Fundo Offshore Swissquote 3/2026",deposit,"Investimentos Externos","fbar,fatca,sankey,monte_carlo","{""jurisdicao_pais"":""Suiça"",""moeda"":""USD""}"
2026-03-14,255.00,"Abastecimento Posto Shell CAR01 (226350 km)",expense,"Frotas & Veículos","cpk,weibull,ubi,tco_vehicle","{""idveiculo"":""CAR01"",""perfil_msrp"":65000,""odometer"":226350}"
2026-03-27,273.00,"Abastecimento Posto Ipiranga CAR01 (227250 km)",expense,"Frotas & Veículos","cpk,weibull,ubi,tco_vehicle","{""idveiculo"":""CAR01"",""perfil_msrp"":65000,""odometer"":227250}"
2026-03-22,7500.00,"Depósito Judicial Trabalhista (ADC 58) Q1/2026",deposit,"Ações Judiciais","taxa_legal,adc_58,simples_nacional","{""data_ajuizamento"":""2025-04-10"",""data_vencimento"":""2026-01-15""}"
2026-04-05,127500.00,"Faturamento PME Mensal 4/2026",revenue,"Receita de Vendas","ncg,welford,rolling_margin","{""massa_salarial_12"":200000,""receita_bruta_12"":1530000}"
2026-04-08,15000.00,"Folha Pro-Labore Administrador 4/2026",expense,"Retiradas","fator_r,irpf_2026,simples_nacional","{""massa_salarial_12"":200000,""receita_bruta_12"":1530000}"
2026-04-18,7500.00,"Aporte Fundo Offshore Swissquote 4/2026",deposit,"Investimentos Externos","fbar,fatca,sankey,monte_carlo","{""jurisdicao_pais"":""Suiça"",""moeda"":""USD""}"
2026-04-14,260.00,"Abastecimento Posto Shell CAR01 (228100 km)",expense,"Frotas & Veículos","cpk,weibull,ubi,tco_vehicle","{""idveiculo"":""CAR01"",""perfil_msrp"":65000,""odometer"":228100}"
2026-04-27,279.00,"Abastecimento Posto Ipiranga CAR01 (229000 km)",expense,"Frotas & Veículos","cpk,weibull,ubi,tco_vehicle","{""idveiculo"":""CAR01"",""perfil_msrp"":65000,""odometer"":229000}"
2026-05-05,130000.00,"Faturamento PME Mensal 5/2026",revenue,"Receita de Vendas","ncg,welford,rolling_margin","{""massa_salarial_12"":200000,""receita_bruta_12"":1560000}"
2026-05-08,15000.00,"Folha Pro-Labore Administrador 5/2026",expense,"Retiradas","fator_r,irpf_2026,simples_nacional","{""massa_salarial_12"":200000,""receita_bruta_12"":1560000}"
2026-05-18,7500.00,"Aporte Fundo Offshore Swissquote 5/2026",deposit,"Investimentos Externos","fbar,fatca,sankey,monte_carlo","{""jurisdicao_pais"":""Suiça"",""moeda"":""USD""}"
2026-05-14,265.00,"Abastecimento Posto Shell CAR01 (229850 km)",expense,"Frotas & Veículos","cpk,weibull,ubi,tco_vehicle","{""idveiculo"":""CAR01"",""perfil_msrp"":65000,""odometer"":229850}"
2026-05-27,285.00,"Abastecimento Posto Ipiranga CAR01 (230750 km)",expense,"Frotas & Veículos","cpk,weibull,ubi,tco_vehicle","{""idveiculo"":""CAR01"",""perfil_msrp"":65000,""odometer"":230750}"
2026-06-05,125000.00,"Faturamento PME Mensal 6/2026",revenue,"Receita de Vendas","ncg,welford,rolling_margin","{""massa_salarial_12"":200000,""receita_bruta_12"":1500000}"
2026-06-08,15000.00,"Folha Pro-Labore Administrador 6/2026",expense,"Retiradas","fator_r,irpf_2026,simples_nacional","{""massa_salarial_12"":200000,""receita_bruta_12"":1500000}"
2026-06-18,7500.00,"Aporte Fundo Offshore Swissquote 6/2026",deposit,"Investimentos Externos","fbar,fatca,sankey,monte_carlo","{""jurisdicao_pais"":""Suiça"",""moeda"":""USD""}"
2026-06-14,270.00,"Abastecimento Posto Shell CAR01 (231600 km)",expense,"Frotas & Veículos","cpk,weibull,ubi,tco_vehicle","{""idveiculo"":""CAR01"",""perfil_msrp"":65000,""odometer"":231600}"
2026-06-27,291.00,"Abastecimento Posto Ipiranga CAR01 (232500 km)",expense,"Frotas & Veículos","cpk,weibull,ubi,tco_vehicle","{""idveiculo"":""CAR01"",""perfil_msrp"":65000,""odometer"":232500}"
2026-06-22,7500.00,"Depósito Judicial Trabalhista (ADC 58) Q2/2026",deposit,"Ações Judiciais","taxa_legal,adc_58,simples_nacional","{""data_ajuizamento"":""2025-04-10"",""data_vencimento"":""2026-01-15""}"
2026-07-05,127500.00,"Faturamento PME Mensal 7/2026",revenue,"Receita de Vendas","ncg,welford,rolling_margin","{""massa_salarial_12"":200000,""receita_bruta_12"":1530000}"
2026-07-08,15000.00,"Folha Pro-Labore Administrador 7/2026",expense,"Retiradas","fator_r,irpf_2026,simples_nacional","{""massa_salarial_12"":200000,""receita_bruta_12"":1530000}"
2026-07-18,7500.00,"Aporte Fundo Offshore Swissquote 7/2026",deposit,"Investimentos Externos","fbar,fatca,sankey,monte_carlo","{""jurisdicao_pais"":""Suiça"",""moeda"":""USD""}"
2026-07-14,275.00,"Abastecimento Posto Shell CAR01 (233350 km)",expense,"Frotas & Veículos","cpk,weibull,ubi,tco_vehicle","{""idveiculo"":""CAR01"",""perfil_msrp"":65000,""odometer"":233350}"
2026-07-27,297.00,"Abastecimento Posto Ipiranga CAR01 (234250 km)",expense,"Frotas & Veículos","cpk,weibull,ubi,tco_vehicle","{""idveiculo"":""CAR01"",""perfil_msrp"":65000,""odometer"":234250}"